id,name,lastname,email,sex,longitude,latitude,rut,strength,dextery,knowledge,motivation,leadership
1,Carlita,Karczinski,ckarczinski0@irs.gov,Female,-70.0304205467103,-20.8958892768838,9985171-6,2,2,10,9,4
2,Gerik,Cars,gcars1@flavors.me,Male,-70.110894271425,-20.7936949725973,9934488-1,10,5,10,1,8
3,Ossie,Sheryn,osheryn2@booking.com,Male,-69.9469408662982,-21.2147925125998,9909018-9,8,7,3,8,10
4,Tobe,Castagneri,tcastagneri3@indiegogo.com,Female,-69.9532284707566,-20.0924306984322,9906691-1,7,5,1,9,7
5,Venus,Jorgesen,vjorgesen4@privacy.gov.au,Female,-70.0418768869521,-20.275823647603,9870383-7,7,1,1,1,6
6,Gloriana,Paulot,gpaulot5@ameblo.jp,Female,-69.9983608423759,-20.2460256468063,9827517-7,1,10,1,4,9
7,Wells,Larvin,wlarvin6@posterous.com,Male,-69.8902606030894,-20.1663393227811,9796207-3,7,1,7,8,1
8,Nico,Ranstead,nranstead7@mlb.com,Male,-69.6479865367381,-20.1939207598008,9729317-1,4,2,10,5,5
9,Edan,Kamall,ekamall8@mozilla.com,Male,-69.0144354893401,-20.796939803665,9706885-2,8,7,8,10,10
10,Morten,Stanford,mstanford9@1688.com,Male,-69.7212377463126,-19.573282356656,9692719-3,1,4,9,9,7
11,Raynor,Norfolk,rnorfolka@com.com,Male,-69.6683846033383,-19.5131073424502,9692214-0,1,4,7,5,10
12,Aurel,Greenier,agreenierb@engadget.com,Female,-69.7401575365727,-19.386367948247,9641813-2,9,7,2,1,4
13,Francois,Cardwell,fcardwellc@unesco.org,Male,-68.7097403801537,-19.1956609585068,9596781-7,5,1,1,1,3
14,Elnore,Garrud,egarrudd@cbslocal.com,Female,-69.0163043091261,-19.4522662204213,9587764-8,3,6,4,5,5
15,Chrissy,Proudlove,cproudlovee@dailymail.co.uk,Male,-69.2305527490517,-19.0980108657135,9578612-k,1,4,8,7,7
16,Caro,Fattorini,cfattorinif@nifty.com,Female,-69.427524195797,-19.0999387952177,9573659-9,5,1,6,10,8
17,Caz,Boyson,cboysong@exblog.jp,Male,-69.68352832699,-20.0269551193681,9388877-4,10,5,6,9,4
18,Laurens,Marikhin,lmarikhinh@studiopress.com,Male,-69.4232945423808,-19.7315089568983,9368691-8,3,8,3,9,6
19,Merell,Loxdale,mloxdalei@dell.com,Male,-68.949415201192,-20.362749385906,9364256-2,10,5,7,5,1
20,Cristobal,Fritchley,cfritchleyj@adobe.com,Male,-68.8919487183593,-19.7992383388781,9359618-8,10,4,8,7,5
21,Donna,Hercock,dhercockk@privacy.gov.au,Female,-69.110014059482,-20.7102875974606,9223313-8,7,7,8,2,8
22,Patrizius,Rosbottom,prosbottoml@hc360.com,Male,-68.6369809234678,-24.4779667614752,9220591-6,5,3,9,1,6
23,Desiree,Breslin,dbreslinm@php.net,Female,-69.2075717339944,-24.1457741657959,9118490-7,3,8,10,6,3
24,Web,Blare,wblaren@tumblr.com,Male,-68.9472066476778,-24.4885388941631,9061753-2,3,3,7,7,8
25,Bernard,Thundercliffe,bthundercliffeo@altervista.org,Male,-70.3292576802984,-23.1651770011915,9042617-6,2,1,3,5,9
26,Jannel,Gregore,jgregorep@opensource.org,Female,-70.5619109407542,-23.2555536971722,9000053-5,5,6,7,9,4
27,Anett,Pasque,apasqueq@parallels.com,Female,-70.4014054815132,-23.2473158204884,8949172-k,7,2,3,1,2
28,Sancho,Miskelly,smiskellyr@springer.com,Male,-68.7969000936182,-23.7125577465375,8947415-9,8,4,1,7,3
29,Che,Harriot,charriots@ning.com,Male,-69.8237005144221,-23.2530516275966,8908124-6,10,3,5,8,10
30,Matthieu,Hyatt,mhyattt@springer.com,Male,-69.7163085909228,-23.497799878712,8860439-3,1,7,9,6,5
31,Pascale,Honsch,phonschu@trellian.com,Male,-70.4281627433775,-24.7744281688381,8852876-k,5,8,1,7,3
32,Gian,Dancey,gdanceyv@g.co,Male,-69.3316019891895,-25.5413769782575,8842209-0,4,6,8,1,10
33,Mathilda,Keir,mkeirw@fda.gov,Female,-69.582854767561,-25.8200925964353,8801269-0,9,8,4,10,2
34,Tadeo,Rickeard,trickeardx@1688.com,Male,-68.6145003006199,-22.8589573973749,8749739-9,7,8,5,10,5
35,Emmie,Guion,eguiony@oakley.com,Female,-68.8805471802391,-22.4678806215027,8635123-4,7,10,3,6,5
36,Andrus,Toffano,atoffanoz@prnewswire.com,Male,-68.1174051922343,-22.201620542571,8632242-0,8,3,8,5,3
37,Woodrow,Helder,whelder10@tumblr.com,Male,-68.2469949414393,-21.6128283056011,8610913-1,9,8,10,10,3
38,Isahella,Spyer,ispyer11@odnoklassniki.ru,Female,-68.414662754525,-21.211295483246,8577235-k,4,3,6,8,8
39,Mercedes,Garraway,mgarraway12@slideshare.net,Female,-68.4355774226473,-21.1337044013426,8485374-7,2,7,2,8,2
40,Julissa,Zum Felde,jzumfelde13@usnews.com,Female,-68.576381804582,-23.9324063403791,8475051-4,6,6,8,3,5
41,Kip,Sanbrook,ksanbrook14@blogger.com,Male,-68.4161068800199,-23.7336438872615,8444556-8,6,2,6,7,5
42,Con,Pyne,cpyne15@ebay.com,Female,-67.7019931914282,-23.2865509443928,8444363-8,8,5,4,8,10
43,Donica,Hullah,dhullah16@tiny.cc,Female,-69.8260058598543,-22.1069545671773,8407354-7,1,7,1,5,3
44,Jeane,Thurlbeck,jthurlbeck17@washington.edu,Female,-70.1164553135353,-21.8340077291513,8323048-7,9,5,6,7,7
45,Elmo,Wilcocke,ewilcocke18@g.co,Male,-69.9627973542466,-21.516342465473,8308085-k,9,7,6,9,3
46,Haily,Meenan,hmeenan19@ft.com,Male,-69.2168311709768,-22.1924369688486,8299604-4,1,2,3,8,3
47,Carilyn,McRill,cmcrill1a@ucoz.com,Female,-69.0612156321132,-21.3457060629967,8289629-5,9,5,7,5,10
48,Marena,Kynman,mkynman1b@senate.gov,Female,-69.6601076508468,-21.7441618731293,8276212-4,2,9,10,5,4
49,Maxie,Sigward,msigward1c@slashdot.org,Male,-70.3296843832543,-27.4585968942084,8266559-5,5,7,8,9,4
50,Esther,Penhaligon,epenhaligon1d@addtoany.com,Female,-69.0177482693851,-26.9161928976156,8224664-9,10,6,8,3,6
51,Cord,Hirtz,chirtz1e@homestead.com,Male,-68.9820545877913,-27.1908597595752,8216547-9,2,9,8,2,7
52,Clive,Dawe,cdawe1f@odnoklassniki.ru,Male,-70.6186124819186,-27.0324034351545,8170642-5,8,9,5,8,6
53,Bordy,Lintott,blintott1g@google.es,Male,-70.8879179121996,-27.3335105575575,8127353-7,9,1,6,7,8
54,Marlene,Habbijam,mhabbijam1h@furl.net,Female,-70.8635469872722,-27.2455799852115,8091730-9,3,9,10,10,9
55,Freida,Outhwaite,fouthwaite1i@fema.gov,Female,-69.0630536838495,-27.6140537617791,8077243-2,7,10,10,1,4
56,Rosamund,Outright,routright1j@cocolog-nifty.com,Female,-69.6417383027048,-27.8143991873273,8015729-0,5,7,6,8,1
57,Annalise,Prantl,aprantl1k@google.com.au,Female,-70.2799500885564,-27.6602359175484,8007770-k,6,10,9,2,9
58,Natalya,Dodswell,ndodswell1l@naver.com,Female,-70.2865426123207,-26.233351913348,8004793-2,9,2,9,5,5
59,Hyacintha,Lakenden,hlakenden1m@usa.gov,Female,-70.2454350452411,-26.7261417334753,7990273-k,3,6,5,2,4
60,Maurene,Gellert,mgellert1n@cnbc.com,Female,-70.2973906478465,-26.8514995593117,7986350-5,1,1,7,2,7
61,Merrill,Dranfield,mdranfield1o@xinhuanet.com,Female,-70.1510571724786,-26.3868851666705,7935295-0,5,9,7,8,4
62,Judd,Rentoll,jrentoll1p@technorati.com,Male,-69.8867736217933,-26.277462516874,7846935-8,5,5,10,10,5
63,Iolanthe,Pexton,ipexton1q@biblegateway.com,Female,-68.5512921752836,-25.3865481111081,7816803-k,10,6,4,6,10
64,Sigfrid,Oehm,soehm1r@infoseek.co.jp,Male,-70.3688081770495,-28.3549575695518,7810053-2,2,4,3,10,4
65,Hetty,Drake,hdrake1s@craigslist.org,Female,-70.7526499673409,-28.844489161888,7803849-7,3,4,4,8,9
66,Forster,Nehls,fnehls1t@homestead.com,Male,-70.2406703751765,-28.5704271538995,7797207-2,2,5,10,9,5
67,Artemas,D'Orsay,adorsay1u@smh.com.au,Male,-70.1935048455151,-29.2804234339587,7789196-k,10,1,6,3,2
68,Sidonnie,Fildes,sfildes1v@timesonline.co.uk,Female,-70.2811474811271,-29.315883118525,7741988-8,4,9,10,5,9
69,Myrtie,Stainer,mstainer1w@t-online.de,Female,-70.1984600696183,-28.6304051914145,7710483-6,7,10,4,6,7
70,Carlynne,Schwaiger,cschwaiger1x@paginegialle.it,Female,-71.1668367891623,-29.1311568550481,7697002-5,3,6,6,9,9
71,Adan,Hallgath,ahallgath1y@jugem.jp,Male,-71.3076390444792,-29.1277618126214,7686660-0,3,3,6,3,1
72,Teodor,Dinzey,tdinzey1z@edublogs.org,Male,-71.0449724352433,-28.5863489329575,7685714-8,3,10,4,6,7
73,Tammi,Leftridge,tleftridge20@ucoz.com,Female,-70.8208232547093,-28.2370463433832,7668977-6,4,4,3,1,10
74,Dorene,Ellif,dellif21@huffingtonpost.com,Female,-71.1415142508672,-28.1459447418787,7660425-8,7,1,2,4,2
75,Pincas,Martineau,pmartineau22@adobe.com,Male,-71.1218636353483,-28.1106584075568,7625453-2,8,1,9,4,1
76,Percy,Dressel,pdressel23@miibeian.gov.cn,Male,-71.2380925362844,-29.7665745049008,7572217-6,6,3,3,1,7
77,Cecil,Spore,cspore24@1und1.de,Male,-70.9883455087712,-29.6269480303796,7559956-0,6,4,7,8,2
78,Abbey,Edland,aedland25@redcross.org,Male,-71.0803276417676,-29.7831113610666,7496372-2,4,1,5,3,7
79,Lorne,Jewiss,ljewiss26@a8.net,Female,-71.3927035063526,-30.1962219109587,7480080-7,8,10,1,5,2
80,Tony,Worsom,tworsom27@reference.com,Male,-71.5502515235677,-30.3260343191903,7475406-6,8,3,9,4,2
81,Perkin,Pilsworth,ppilsworth28@elpais.com,Male,-71.3921062366543,-29.9982940160371,7460877-9,1,5,8,7,6
82,Link,Roulston,lroulston29@weibo.com,Male,-71.0721800289111,-30.2151788011905,7457257-k,1,9,3,8,1
83,Meriel,Wearne,mwearne2a@hao123.com,Female,-71.0894119670337,-30.2034013673868,7444650-7,2,9,1,1,3
84,Shepperd,Jahan,sjahan2b@blogger.com,Male,-71.070114096659,-30.2122569350095,7436176-5,4,2,4,7,4
85,Decca,Trunkfield,dtrunkfield2c@ning.com,Male,-70.7068450924617,-29.1553873403291,7431358-2,1,4,10,5,7
86,Penrod,Jakov,pjakov2d@opera.com,Male,-70.6179477575569,-29.3101717907049,7426635-5,6,6,7,8,2
87,Bobette,Thackham,bthackham2e@msn.com,Female,-70.879066043024,-29.3540197903298,7416165-0,7,4,5,8,8
88,Estevan,Norridge,enorridge2f@discovery.com,Male,-70.4104719163283,-30.0846661145189,7373388-k,1,5,5,8,4
89,Salim,Clague,sclague2g@google.de,Male,-70.3235310626972,-30.3462776182248,7370245-3,5,1,9,2,8
90,Brandi,Wakenshaw,bwakenshaw2h@adobe.com,Female,-70.3898936380358,-30.0177966722995,7318257-3,10,6,5,1,7
91,Alexander,Porcher,aporcher2i@hugedomains.com,Male,-70.671949001224,-29.8985022994233,7317296-9,1,10,9,9,2
92,Bayard,Padrick,bpadrick2j@weibo.com,Male,-70.3789544337976,-29.6969414591747,7294899-8,10,7,3,7,6
93,Ole,Scheffel,oscheffel2k@unicef.org,Male,-70.0617087830759,-29.6843427707088,7288186-9,4,5,10,6,7
94,Pavel,Livard,plivard2l@networksolutions.com,Male,-71.1683667794431,-31.6921168766856,7212701-3,5,7,8,8,10
95,Ardith,Mee,amee2m@techcrunch.com,Female,-70.9211166458406,-31.3705032417471,7200119-2,9,9,7,1,6
96,Hayes,Melloi,hmelloi2n@arstechnica.com,Male,-70.9685973169541,-31.4111460351098,7165332-3,10,3,8,8,10
97,Arlene,Punt,apunt2o@fc2.com,Female,-71.4652564622405,-31.4691193230171,7061418-9,1,9,1,1,2
98,Egor,Isaq,eisaq2p@harvard.edu,Male,-71.5970030697364,-31.253376829326,7040681-0,4,6,6,5,4
99,Stanton,McCathay,smccathay2q@unicef.org,Male,-71.6211579186477,-31.2521157277325,7031704-4,3,4,1,7,9
100,Durante,Petracek,dpetracek2r@theguardian.com,Male,-71.0909510848322,-32.0895578322337,7002383-0,3,5,2,8,3
101,Judie,Ogborne,jogborne2s@tiny.cc,Female,-71.1747672013981,-32.1297813059118,6979788-1,9,1,9,2,8
102,Fremont,Weale,fweale2t@archive.org,Male,-71.1940302886683,-32.1399558830576,6969531-0,10,2,1,4,4
103,Rachel,Le Brun,rlebrun2u@cyberchimps.com,Female,-70.8371471965294,-31.8720245100018,6935310-k,10,10,9,6,3
104,Agna,Meritt,ameritt2v@nbcnews.com,Female,-70.6733381320311,-31.835313890548,6850364-7,7,7,3,10,9
105,Winfred,Grimditch,wgrimditch2w@chicagotribune.com,Male,-70.4109771044048,-32.1762369952738,6831479-8,8,6,9,2,5
106,Gwenni,Tolussi,gtolussi2x@wunderground.com,Female,-71.6875749179703,-30.5041432275279,6814023-4,1,4,8,3,10
107,Iggy,Stoller,istoller2y@ovh.net,Male,-71.2383681898254,-30.6283942299578,6790839-2,9,9,8,5,1
108,Gerri,Tabbernor,gtabbernor2z@multiply.com,Female,-71.2306088271278,-30.5190495904562,6768971-2,6,5,7,1,7
109,Bibbye,McGinnis,bmcginnis30@tuttocitta.it,Female,-71.2146211528399,-30.9283697900796,6748756-7,2,10,9,7,3
110,Huey,Pigot,hpigot31@theatlantic.com,Male,-71.0601868719873,-31.3616785727751,6719802-6,10,6,4,3,9
111,Kipp,Mulvey,kmulvey32@opensource.org,Male,-70.9178314719609,-31.2879057981642,6685261-k,3,1,3,9,4
112,Sampson,Cawthorne,scawthorne33@vinaora.com,Male,-70.555680270606,-30.6809275565433,6681404-1,10,6,4,10,7
113,Shanie,Addams,saddams34@mail.ru,Female,-70.8165154199987,-30.7397693252983,6676485-0,6,2,5,8,5
114,Janey,Claiden,jclaiden35@nba.com,Female,-70.7683146229375,-30.8389887705178,6657970-0,8,10,4,4,3
115,Ingaborg,Mcwhinney,imcwhinney36@cnn.com,Female,-71.3291116820325,-30.9574155366003,6650661-4,8,7,1,4,8
116,Liv,Garaway,lgaraway37@trellian.com,Female,-71.4900928075193,-31.0778299778254,6641240-7,2,1,6,8,7
117,Orlando,Epps,oepps38@soup.io,Male,-71.3339462633816,-31.0958106252857,6636083-0,3,6,10,5,6
118,Cull,Bardill,cbardill39@imageshack.us,Male,-70.6226635857116,-30.4372854701124,6603287-6,5,9,7,9,10
119,Rayner,Dahlman,rdahlman3a@census.gov,Male,-70.9292739928843,-30.487403588393,6601572-6,6,4,1,10,1
120,Bryana,Guerreru,bguerreru3b@amazon.de,Female,-70.7618423817887,-30.4755489122276,6580604-5,7,2,8,9,8
121,Lothaire,Allder,lallder3c@walmart.com,Male,-71.5307769024059,-33.1493795296013,6573891-0,3,2,9,10,7
122,Earlie,Immings,eimmings3d@prweb.com,Male,-71.6267358766455,-33.0705303356468,6572073-6,6,9,8,3,6
123,Ellsworth,Phidgin,ephidgin3e@intel.com,Male,-71.6060901692019,-33.0934526730462,6566532-8,1,5,7,3,8
124,Bastien,Legat,blegat3f@eventbrite.com,Male,-71.418759236537,-33.3958034033374,6542808-3,5,1,9,7,2
125,Katee,Minkin,kminkin3g@infoseek.co.jp,Female,-71.4246970512015,-33.3198855911707,6541548-8,7,9,1,5,8
126,Hollie,Hellsdon,hhellsdon3h@addtoany.com,Female,-71.2834582872024,-33.2666527634145,6539914-8,7,4,7,8,4
127,Doyle,Schneider,dschneider3i@forbes.com,Male,-80.7820522114471,-33.8145685507568,6529397-8,10,6,4,4,7
128,Noland,Blanchette,nblanchette3j@ucsd.edu,Male,-80.8149872539967,-33.7410273635924,6518686-1,8,9,3,6,1
129,Rosaleen,Lowy,rlowy3k@ftc.gov,Female,-78.7939330779361,-33.6505513102339,6441273-6,5,1,7,4,9
130,Harriette,Nutbean,hnutbean3l@rambler.ru,Female,-71.4446895877759,-32.6876292892348,6405604-2,1,7,5,7,8
131,Tierney,McCritichie,tmccritichie3m@jugem.jp,Female,-71.4731063201756,-32.7312570332897,6388805-2,10,8,7,5,1
132,Ada,Suermeier,asuermeier3n@blog.com,Female,-71.3716274010454,-32.7293718055626,6374242-2,9,3,8,8,2
133,Vasilis,Warburton,vwarburton3o@ebay.co.uk,Male,-71.4516830894364,-32.8741931504491,6366476-6,7,3,3,2,3
134,Genia,Layne,glayne3p@so-net.ne.jp,Female,-71.437926878922,-32.8625788249877,6331527-3,10,10,10,10,1
135,Muffin,Brixham,mbrixham3q@fastcompany.com,Male,-71.5101544501711,-32.8136449824619,6303396-0,3,5,1,7,2
136,Alexandrina,Fetherby,afetherby3r@samsung.com,Female,-109.378632462408,-27.1061739709329,6215890-5,5,9,5,8,1
137,Merle,McBlain,mmcblain3s@va.gov,Female,-109.342511390674,-27.1035422775972,6060812-1,6,1,10,4,3
138,Ketty,Kellough,kkellough3t@spotify.com,Female,-109.446334088188,-27.1861364409725,6060436-3,6,2,3,4,10
139,Waverly,Olrenshaw,wolrenshaw3u@sakura.ne.jp,Male,-70.2840659557513,-33.013733112202,6039052-5,4,3,7,4,1
140,Atlante,Horlock,ahorlock3v@cnbc.com,Female,-70.3002253249953,-32.9550171401394,5986154-9,4,8,7,3,1
141,Graham,Mora,gmora3w@last.fm,Male,-70.1348051006849,-32.7703042981727,5959678-0,1,9,7,3,3
142,Randal,Follis,rfollis3x@netscape.com,Male,-70.580505036348,-32.9066580631924,5955889-7,3,8,7,9,1
143,Dunc,Hanigan,dhanigan3y@comsenz.com,Male,-70.5395013243973,-32.8806965599809,5896026-8,6,2,5,4,3
144,Donnell,Devenny,ddevenny3z@hexun.com,Male,-70.5540747614956,-32.8864880801152,5874800-5,6,3,1,2,6
145,Jamesy,Arrault,jarrault40@gravatar.com,Male,-70.7191641878338,-32.8607320652218,5829049-1,10,8,1,9,6
146,Umberto,MacPike,umacpike41@elpais.com,Male,-70.6797994611385,-32.8299358054509,5828295-2,7,6,1,3,10
147,Josh,Orgill,jorgill42@linkedin.com,Male,-70.6936349766321,-32.9144706173748,5786935-6,3,7,6,10,2
148,Joelly,Wynett,jwynett43@dmoz.org,Female,-70.2031787280715,-32.599949323041,5694024-3,9,2,5,3,1
149,Brooks,Nannoni,bnannoni44@slate.com,Male,-70.2602926068284,-32.8298656223677,5687033-4,1,10,8,4,10
150,Malchy,Wyld,mwyld45@ca.gov,Male,-70.2105975782395,-32.6771330342173,5672931-3,10,9,4,6,1
151,Golda,Mattacks,gmattacks46@about.com,Female,-71.1500879958812,-32.5157877920378,5658971-6,1,7,2,10,4
152,Norry,Halleybone,nhalleybone47@omniture.com,Male,-71.1631032412428,-32.3869238800524,5658918-k,1,10,9,4,4
153,Maurise,Arlott,marlott48@multiply.com,Male,-71.3233703731214,-32.2746412169536,5645012-2,4,7,10,8,6
154,Thebault,Holmyard,tholmyard49@privacy.gov.au,Male,-70.5792402700448,-32.3630445635413,5614193-6,9,6,4,6,8
155,Saunderson,Lortzing,slortzing4a@latimes.com,Male,-70.6882210549246,-32.3104597523176,5611326-6,6,7,1,9,9
156,Emmie,Stocking,estocking4b@vimeo.com,Female,-70.7235418557128,-32.3634171578381,5610291-4,9,3,10,9,8
157,Terrill,McGraffin,tmcgraffin4c@arizona.edu,Male,-71.3566713869998,-32.4156225436572,5609149-1,3,4,9,3,7
158,Jess,Pinck,jpinck4d@networkadvertising.org,Male,-71.3268269782343,-32.4459603346906,5586430-6,7,9,10,2,1
159,Marketa,Hansom,mhansom4e@macromedia.com,Female,-71.4000151214548,-32.4373163506496,5563616-8,2,5,1,10,1
160,Walton,Kid,wkid4f@mapquest.com,Male,-71.0983284798972,-32.3658374797965,5546199-6,4,7,8,7,4
161,Ignaz,Shildrick,ishildrick4g@examiner.com,Male,-70.8966964308446,-32.2540199224994,5517360-5,3,6,4,9,3
162,Lawry,Dallinder,ldallinder4h@kickstarter.com,Male,-70.9020843019193,-32.3206194345566,5491647-7,9,2,5,4,8
163,Marco,Showl,mshowl4i@ameblo.jp,Male,-71.3266950835134,-32.5650552862037,5486473-6,7,5,7,6,10
164,Grethel,Pearmain,gpearmain4j@who.int,Female,-71.2684592015198,-32.6155569802191,5466190-8,2,1,4,10,3
165,Noami,Sheaf,nsheaf4k@google.co.jp,Female,-71.4266002016508,-32.5926124555915,5465896-6,2,2,7,4,10
166,Johnette,Dight,jdight4l@wired.com,Female,-71.1697593166384,-32.8097023760019,5440984-2,3,10,10,8,4
167,Bartlett,Hame,bhame4m@jalbum.net,Male,-71.136040908478,-32.8517104581493,5396287-4,1,4,9,1,1
168,Pierce,Brinklow,pbrinklow4n@tmall.com,Male,-71.1184598614375,-32.7596902457397,5372090-0,8,1,5,10,2
169,Cati,Rogan,crogan4o@vk.com,Female,-71.0629139362448,-32.8363123523195,5364315-9,8,2,8,9,8
170,Verney,Hewins,vhewins4p@addthis.com,Male,-71.1512762722364,-32.7839688037063,5363117-7,5,4,1,2,10
171,Jerome,Worms,jworms4q@so-net.ne.jp,Male,-71.0201243493743,-32.8122351906711,5300219-6,7,6,4,1,1
172,Bibbye,Tarn,btarn4r@smugmug.com,Female,-71.3081546245278,-32.8166885182159,5286344-9,3,6,7,5,6
173,Pauly,Whybray,pwhybray4s@wikimedia.org,Male,-71.1843672776798,-32.8582520376373,5259507-k,9,1,2,5,5
174,Vinson,Orteaux,vorteaux4t@homestead.com,Male,-71.2181967771936,-32.8548265953561,5253343-0,10,6,10,6,6
175,Demott,Matveiko,dmatveiko4u@china.com.cn,Male,-71.2164797824085,-32.7126584439144,5227329-3,1,1,9,6,6
176,Moe,Fordyce,mfordyce4v@ftc.gov,Male,-71.1096666156767,-32.6529203674741,5216864-3,1,6,3,8,4
177,Merle,Ferri,mferri4w@wikia.com,Female,-71.1664765606722,-32.7074563216829,5213412-9,6,2,7,8,7
178,Fredelia,Kirgan,fkirgan4x@eventbrite.com,Female,-71.4461178524135,-33.632944969242,5198412-9,6,4,10,5,8
179,Blair,Aindrais,baindrais4y@home.pl,Female,-71.5016312143264,-33.7229729741278,5072110-8,6,5,7,7,10
180,Herbie,Wassung,hwassung4z@blinklist.com,Male,-71.4957354945616,-33.6670431223062,5069410-0,2,2,3,6,10
181,Vladimir,Huccaby,vhuccaby50@scribd.com,Male,-71.6042692792724,-33.3776602454085,5064086-8,10,4,5,8,2
182,Carlie,Rudeyeard,crudeyeard51@ibm.com,Female,-71.5782595180674,-33.3309405776981,5024177-7,4,10,10,10,1
183,Dulce,Abernethy,dabernethy52@free.fr,Female,-71.5872272243528,-33.3856705810142,5010748-5,9,3,2,9,5
184,Wye,Buss,wbuss53@soup.io,Male,-71.3602886590856,-33.5396213924565,5007636-9,1,9,10,1,5
185,Marven,Syalvester,msyalvester54@apple.com,Male,-71.4403170241836,-33.5124300567319,24997615-6,5,1,10,2,8
186,Haily,Foltin,hfoltin55@etsy.com,Female,-71.4328996977361,-33.5449003518585,24941349-6,5,4,3,7,5
187,Oby,Holston,oholston56@csmonitor.com,Male,-71.6817784490119,-33.4095921329302,24920819-1,5,10,3,5,1
188,Stacey,Scutching,sscutching57@mapy.cz,Female,-71.6776486721633,-33.3967765418178,24813672-3,4,1,10,9,3
189,Tudor,Easter,teaster58@tuttocitta.it,Male,-71.6145193001652,-33.4283802828448,24791087-5,4,10,8,9,6
190,Zsazsa,Jailler,zjailler59@mediafire.com,Female,-71.6548098402878,-33.4572219646624,24775715-5,10,6,1,8,9
191,Ivan,Guerin,iguerin5a@example.com,Male,-71.493121715017,-33.4881726186428,24737768-9,10,3,10,7,5
192,Valaria,Amorts,vamorts5b@google.com.au,Female,-71.6488871515167,-33.4730905823372,24719844-k,4,7,10,8,3
193,Markos,Trussman,mtrussman5c@xing.com,Male,-71.6146250139607,-33.6671582695325,24677279-7,5,5,3,3,8
194,Gray,Espinel,gespinel5d@arstechnica.com,Male,-71.7280943285701,-33.8561216537346,24633006-9,6,7,5,7,9
195,Barry,Raccio,braccio5e@ovh.net,Male,-71.6432435337739,-33.7565128969068,24632831-5,1,2,7,5,3
196,Harbert,Tejero,htejero5f@wp.com,Male,-70.7567183653365,-32.7810433809901,24565450-2,3,10,2,8,9
197,Hermia,Endacott,hendacott5g@usda.gov,Female,-70.7785576977967,-32.7003721778461,24557154-2,3,1,4,3,7
198,Vidovik,Jepps,vjepps5h@yale.edu,Male,-70.7151327732329,-32.7601616369113,24537963-3,3,2,3,10,5
199,Zacherie,Hullbrook,zhullbrook5i@facebook.com,Male,-70.862585369862,-32.7436417451814,24483350-0,2,4,6,9,5
200,Hildegaard,Choppen,hchoppen5j@shop-pro.jp,Female,-70.8992803788098,-32.7696194684189,24479248-0,6,1,5,9,2
201,Fredrika,Addinall,faddinall5k@marriott.com,Female,-71.0072353963888,-32.7295348956636,24474332-3,8,8,4,8,4
202,Zandra,Garie,zgarie5l@stanford.edu,Female,-70.8023416794991,-32.8527993931434,24431638-7,7,5,3,6,10
203,Luciano,Heinzler,lheinzler5m@ehow.com,Male,-70.7331188696116,-32.9176036198875,24415200-7,8,1,5,10,1
204,Nataline,Sparrowhawk,nsparrowhawk5n@umn.edu,Female,-70.8234895040159,-32.9062012254548,24389981-8,7,4,9,4,7
205,Vanya,Hawker,vhawker5o@ycombinator.com,Male,-70.7739534588771,-32.7898789727558,24378724-6,7,8,6,4,7
206,Teodor,Bartomeu,tbartomeu5p@amazon.de,Male,-70.7998249069299,-32.7550948280558,24323683-5,4,7,2,7,7
207,Kalil,Beeho,kbeeho5q@privacy.gov.au,Male,-70.7899376778943,-32.7740930154167,24261183-7,9,1,4,8,2
208,Carroll,Adcock,cadcock5r@smugmug.com,Female,-70.5834208779764,-32.4936695321923,24253908-7,5,1,7,4,10
209,Whitaker,Atheis,watheis5s@ifeng.com,Male,-70.3798716969875,-32.2977249624412,24219442-k,1,9,3,1,4
210,Ode,Darke,odarke5t@xing.com,Male,-70.4052674794709,-32.4447933009374,24196540-6,9,9,10,4,3
211,Gerald,Cafe,gcafe5u@goo.ne.jp,Male,-70.6673163591718,-32.7780514312263,24190502-0,2,7,3,6,10
212,Inna,Yelyashev,iyelyashev5v@ning.com,Female,-70.6206538904377,-32.6793703211277,24171418-7,3,7,9,4,5
213,Prescott,Twelvetree,ptwelvetree5w@comcast.net,Male,-70.6595615931111,-32.7265687792967,24120715-3,10,6,6,8,1
214,Mirilla,Stilldale,mstilldale5x@vkontakte.ru,Female,-71.3142436613271,-33.1491269135637,24060482-5,4,3,4,5,9
215,Olenolin,Levesley,olevesley5y@xrea.com,Male,-71.2315195912598,-33.1779889296125,24059135-9,2,4,6,1,5
216,Marietta,Douglass,mdouglass5z@ucla.edu,Male,-71.3573195739148,-33.1497907749509,24058870-6,9,4,5,10,8
217,Vivian,Janowski,vjanowski60@loc.gov,Female,-71.0838345211349,-33.0565144539627,24020425-8,6,2,5,9,2
218,Fleming,Stuffins,fstuffins61@about.me,Male,-71.1498565379947,-32.9940672580187,24005918-5,9,6,6,8,10
219,Willis,Iacomi,wiacomi62@de.vu,Male,-71.0309781123576,-33.033638350781,23934722-3,3,8,7,7,9
220,Urbanus,Tarte,utarte63@etsy.com,Male,-70.8313015082669,-34.1354894460492,23928462-0,2,8,3,6,3
221,Amerigo,Cahalan,acahalan64@qq.com,Male,-70.8222887254351,-34.1219385142551,23873390-1,1,3,5,6,3
222,Euphemia,Gyngyll,egyngyll65@state.tx.us,Female,-70.8662684346445,-34.0955816110471,23864545-k,6,6,10,3,8
223,Dolores,Jumel,djumel66@etsy.com,Female,-70.3518464115355,-34.0090606407602,23750569-7,8,7,3,5,6
224,Karina,Syrie,ksyrie67@cmu.edu,Female,-70.641943695683,-34.0325588557463,23727359-1,8,1,5,3,9
225,Clerc,Kmicicki,ckmicicki68@exblog.jp,Male,-70.604603811901,-34.0725047094811,23726321-9,10,2,5,7,5
226,Mile,Tuma,mtuma69@cnbc.com,Male,-71.0181037814853,-34.3247024373684,23694504-9,3,2,2,4,4
227,Valdemar,Sporrij,vsporrij6a@sina.com.cn,Male,-70.9112227792173,-34.2513518034467,23666221-7,2,10,4,5,5
228,Bobette,Isard,bisard6b@opera.com,Female,-70.9262831461433,-34.2831897463674,23657751-1,10,5,8,1,3
229,Timi,Vannini,tvannini6c@answers.com,Female,-71.0179356624717,-34.1841059071278,23579426-8,7,10,9,10,6
230,Tito,Tomlett,ttomlett6d@angelfire.com,Male,-71.0331898484085,-34.2096580351982,23557843-3,4,7,6,10,6
231,Christabella,Jagiello,cjagiello6e@symantec.com,Female,-71.0418334650791,-34.2409417383213,23544407-0,7,3,8,2,8
232,Jeana,Daniells,jdaniells6f@jimdo.com,Female,-70.9345486329166,-34.1853312915347,23544166-7,6,4,10,2,6
233,Aleksandr,Goodbody,agoodbody6g@cpanel.net,Male,-70.9105760401409,-34.2140833585212,23531125-9,7,7,8,6,1
234,Jessamyn,Borrel,jborrel6h@diigo.com,Female,-70.9815995702878,-34.2378804552849,23527924-k,6,2,8,5,1
235,Fanchette,Exposito,fexposito6i@imdb.com,Female,-70.7360804547822,-34.0938181562272,23466165-5,2,8,7,6,5
236,Harri,Bartot,hbartot6j@dell.com,Female,-70.7872489430355,-34.001140235946,23450948-9,3,1,6,4,6
237,Taber,Hender,thender6k@yandex.ru,Male,-70.730654361508,-34.0767509533012,23445217-7,8,3,9,8,6
238,Ambur,Houchen,ahouchen6l@ibm.com,Female,-71.476777315307,-34.0809978970101,23433547-2,5,10,2,4,8
239,Rollin,McFarlane,rmcfarlane6m@vimeo.com,Male,-71.1512115917249,-34.1845655401884,23432674-0,3,4,2,5,1
240,Nonna,Sextie,nsextie6n@reference.com,Female,-71.4140037793599,-34.1888058715845,23431131-k,7,4,1,1,5
241,Carma,Sheppey,csheppey6o@state.tx.us,Female,-70.31066720585,-34.54440060834,23419177-2,7,5,5,7,2
242,Sadie,Taber,staber6p@wikia.com,Female,-70.2180219934237,-34.4462690151125,23408300-7,4,1,5,10,1
243,Brig,Vellender,bvellender6q@paypal.com,Male,-70.3270295490576,-34.4911685168718,23400910-9,8,4,1,6,1
244,Catlaina,Cana,ccana6r@cbslocal.com,Female,-70.8167227951037,-34.4876064761801,23320154-5,6,8,8,4,2
245,Clarke,Braidon,cbraidon6s@goodreads.com,Male,-71.0189505713564,-34.4274107382145,23282957-5,7,10,7,3,1
246,Garfield,Lapsley,glapsley6t@cisco.com,Male,-70.9384446493833,-34.4486624685976,23268236-1,8,10,8,6,6
247,Celina,Labbey,clabbey6u@mail.ru,Female,-70.8117614667077,-33.9670309413723,23262484-1,7,9,1,5,7
248,Anton,Kabos,akabos6v@pagesperso-orange.fr,Male,-70.4099694001974,-33.9637916133075,23245271-4,9,3,3,10,1
249,Ned,Pays,npays6w@ucsd.edu,Male,-70.795544979058,-33.9492105759454,23213210-8,2,7,6,7,9
250,Andie,Phillps,aphillps6x@opensource.org,Female,-70.8436763173637,-34.2200309980044,23206006-9,1,1,2,9,6
251,Oren,Chapiro,ochapiro6y@dagondesign.com,Male,-70.8482404813062,-34.2203062966977,23201759-7,7,9,2,3,6
252,Khalil,Proven,kproven6z@ocn.ne.jp,Male,-70.8454303345778,-34.2165610053197,23201313-3,9,5,10,7,2
253,Morley,Kubik,mkubik70@t.co,Male,-71.2075931978246,-34.3416826574615,23178888-3,5,6,3,5,2
254,Kay,Zavattieri,kzavattieri71@icq.com,Female,-71.2563548323539,-34.3457966018408,23172107-k,10,3,10,2,8
255,Luigi,Winsbury,lwinsbury72@amazon.co.jp,Male,-71.2910846316694,-34.3127492805084,23111271-5,3,1,8,4,9
256,Harmon,Clohissy,hclohissy73@ibm.com,Male,-71.2758184742309,-34.4684264069474,23041842-k,2,6,10,2,4
257,Dulciana,Joffe,djoffe74@un.org,Female,-71.3740245059006,-34.4001988464339,23015237-3,2,1,9,5,10
258,Findley,Kaman,fkaman75@apple.com,Male,-71.359886623903,-34.3250087582608,22955153-1,9,3,9,9,8
259,Ambrosi,Galley,agalley76@liveinternet.ru,Male,-71.0532351194871,-34.3300557652268,22929019-3,4,10,7,5,8
260,Billy,Torns,btorns77@engadget.com,Male,-71.0124903633783,-34.3609093794548,22928984-5,8,7,8,7,1
261,Osbourn,Kenworth,okenworth78@ycombinator.com,Male,-70.9515452197613,-34.3764182069512,22875887-6,2,7,4,1,8
262,Lorri,Sandham,lsandham79@wordpress.com,Female,-70.7429606739996,-34.4161877419155,22863384-4,10,1,9,3,10
263,Rik,Bavidge,rbavidge7a@uiuc.edu,Male,-70.7335046895536,-34.5002984616712,22863266-k,4,8,8,1,6
264,Adelice,Pinner,apinner7b@mtv.com,Female,-70.6123369542523,-34.5469486455219,22849964-1,4,4,9,6,1
265,Cornell,Pllu,cpllu7c@paypal.com,Male,-70.7243149896036,-34.3145912120314,22816282-5,10,9,5,8,10
266,Beale,Shoebrook,bshoebrook7d@constantcontact.com,Male,-70.5393660073754,-34.3396878530318,22796013-2,4,1,4,2,7
267,Sigismond,Brunroth,sbrunroth7e@hhs.gov,Male,-70.5175161251937,-34.3075849873375,22731320-k,1,7,6,7,4
268,Brynna,Cragoe,bcragoe7f@nbcnews.com,Female,-71.1000528697913,-34.3984786524643,22605354-9,1,10,8,7,8
269,Griswold,Hause,ghause7g@networksolutions.com,Male,-71.0488348841038,-34.3899374791435,22561515-2,2,5,9,1,4
270,Wilburt,Denning,wdenning7h@auda.org.au,Male,-71.0662901077933,-34.343689558344,22534303-9,3,5,2,5,2
271,Gladys,Snelgar,gsnelgar7i@google.cn,Female,-71.9227959409764,-34.5504379090723,22476503-7,2,10,2,1,1
272,Misha,Byre,mbyre7j@cloudflare.com,Female,-71.9699498945851,-34.4075632824419,22473578-2,5,5,5,8,2
273,Heath,Dipple,hdipple7k@qq.com,Male,-71.9643488875976,-34.5051080549355,22403305-2,3,4,9,6,5
274,Kristofer,Dragonette,kdragonette7l@alibaba.com,Male,-71.4897624826216,-34.2524904294454,22391792-5,10,1,5,1,8
275,Sonnie,Cossey,scossey7m@jugem.jp,Female,-71.5478842434629,-34.1285499682862,22354527-0,4,1,10,2,1
276,Mel,Wimms,mwimms7n@de.vu,Male,-71.5697296887551,-34.2749725758753,22306051-k,6,9,8,2,3
277,Blanca,Graalman,bgraalman7o@loc.gov,Female,-71.7008045541449,-34.0101243111658,22279767-5,10,2,5,5,8
278,Eleanor,Rodson,erodson7p@people.com.cn,Female,-71.7194665294843,-34.1652617941038,22248510-k,1,6,6,6,4
279,Sloane,Jales,sjales7q@arstechnica.com,Male,-71.9316260410902,-34.0874317444432,22215038-8,4,4,5,1,4
280,Emalee,Cuncarr,ecuncarr7r@parallels.com,Female,-71.75276501732,-34.3401433952728,22211850-6,8,8,1,4,9
281,Kelsi,Jarrad,kjarrad7s@elegantthemes.com,Female,-71.7426912502457,-34.4676170252604,22209891-2,1,3,3,7,4
282,Lethia,Lambswood,llambswood7t@imdb.com,Female,-71.8463681956147,-34.2929121814541,22202650-4,6,5,5,1,3
283,Darnall,Dimitriades,ddimitriades7u@homestead.com,Male,-71.8346769597191,-34.0054391747925,22202351-3,7,9,7,2,10
284,Goldina,Conford,gconford7v@edublogs.org,Female,-71.8087487879439,-34.0765756681765,22184635-4,2,1,8,5,4
285,Lucia,Kimmons,lkimmons7w@cornell.edu,Female,-71.8498967438425,-34.052027542835,22181919-5,9,7,1,2,9
286,Sydney,Mewis,smewis7x@surveymonkey.com,Male,-71.8773377785525,-34.6623604452472,22173349-5,9,8,9,2,2
287,Ricoriki,Martinets,rmartinets7y@geocities.com,Male,-71.8929150964585,-34.7640146978112,22053882-6,5,7,6,10,5
288,Derrek,Clethro,dclethro7z@netscape.com,Male,-71.8932580601244,-34.7556851285951,22003217-5,10,3,6,9,3
289,Stuart,Feetham,sfeetham80@disqus.com,Male,-70.5144305319617,-34.8596391327581,21908605-9,8,7,5,8,6
290,Sauveur,McConnal,smcconnal81@tumblr.com,Male,-70.6461561458035,-34.66916703341,21892470-0,1,10,4,8,1
291,Kylynn,Cannings,kcannings82@sphinn.com,Female,-70.5310865850346,-34.7949395883514,21840886-9,5,10,1,5,7
292,Bobbe,Coultish,bcoultish83@ox.ac.uk,Female,-71.4793519919012,-34.7571583081464,21802226-k,5,1,1,4,4
293,Anneliese,Grebbin,agrebbin84@weebly.com,Female,-71.4492810488187,-34.8244881416259,21800959-k,10,9,2,7,7
294,Garwood,Tewnion,gtewnion85@acquirethisname.com,Male,-71.3647527044635,-34.7772086360693,21737829-k,1,1,3,5,9
295,Cecile,Verlinden,cverlinden86@seesaa.net,Female,-70.8950188853225,-34.749304536363,21726110-4,9,6,3,7,3
296,Cassey,Keasy,ckeasy87@scribd.com,Female,-71.0097914649535,-34.7942800917563,21651114-k,3,1,6,2,5
297,Monte,Vitte,mvitte88@macromedia.com,Male,-71.046563567966,-34.7135840631273,21637606-4,9,9,8,6,5
298,Yank,Wonfar,ywonfar89@google.cn,Male,-71.5672846711719,-34.6423604130574,21612085-k,10,6,8,1,6
299,Ingunna,Blasing,iblasing8a@unesco.org,Female,-71.5411169372818,-34.7905757735874,21499129-2,1,1,10,6,7
300,Janella,Godman,jgodman8b@addthis.com,Female,-71.6362050786759,-34.8534896710169,21469220-1,10,2,2,8,5
301,Deloria,Ellcome,dellcome8c@typepad.com,Female,-71.1724188553678,-34.6293413411855,21389310-6,2,1,1,5,5
302,Kingston,Meredyth,kmeredyth8d@deviantart.com,Male,-71.1674166520485,-34.6061377156232,21363252-3,1,8,1,6,9
303,Toinette,McKendo,tmckendo8e@qq.com,Female,-71.1924051866243,-34.6156981909716,21361881-4,4,6,3,9,8
304,Norris,Topley,ntopley8f@loc.gov,Male,-71.2718907055105,-34.5090027459333,21336064-7,1,4,5,9,9
305,Vern,Ferrarone,vferrarone8g@reddit.com,Male,-71.3079670889937,-34.558457594863,21311187-6,1,3,2,10,2
306,Dallon,Phinnis,dphinnis8h@gravatar.com,Male,-71.2820159849431,-34.5022896656264,21272982-5,10,10,3,10,3
307,Bronnie,Wiersma,bwiersma8i@biblegateway.com,Male,-71.5140669516418,-34.5065320049516,21230295-3,5,3,1,2,9
308,Aindrea,Oldroyd,aoldroyd8j@acquirethisname.com,Female,-71.4074470541746,-34.4364636801426,21170728-3,2,6,8,7,6
309,Nanete,Rougier,nrougier8k@prlog.org,Female,-71.4082117379913,-34.4185873462807,21106748-9,7,7,3,3,6
310,Joelynn,Chainey,jchainey8l@cnet.com,Female,-71.1165508217984,-34.6035297908457,21102655-3,2,6,6,6,6
311,Hilton,Gaymar,hgaymar8m@seattletimes.com,Male,-71.0515720525096,-34.6487501431592,21083645-4,1,4,6,6,8
312,Mathias,Manterfield,mmanterfield8n@yale.edu,Male,-71.0752595510477,-34.5965266282722,21068648-7,8,1,4,1,4
313,Consuela,Dobrowski,cdobrowski8o@apache.org,Female,-71.8130634240873,-34.573835363927,21067159-5,8,5,1,2,7
314,Ceil,Thorold,cthorold8p@squarespace.com,Female,-71.6634764616603,-34.6655648914469,21043815-7,7,1,6,7,5
315,Erica,Aplin,eaplin8q@domainmarket.com,Female,-71.7097653353926,-34.5970377861715,21006638-1,8,3,5,5,10
316,Jenelle,Francomb,jfrancomb8r@npr.org,Female,-71.4477689370005,-34.6294245718092,21003810-8,2,9,2,6,8
317,Callida,Metcalfe,cmetcalfe8s@wikimedia.org,Female,-71.4589467986541,-34.5723010873998,20996940-8,3,9,2,10,4
318,Maxwell,Caselick,mcaselick8t@posterous.com,Male,-71.3116844302648,-34.7031651223127,20990146-3,7,10,2,2,4
319,Rianon,Butten,rbutten8u@go.com,Female,-71.6323016468431,-35.3632545815173,20898400-4,3,2,7,1,7
320,Avie,Connell,aconnell8v@elpais.com,Female,-71.5964511919476,-35.4657894187623,20890347-0,10,7,6,2,2
321,Marnie,Elwyn,melwyn8w@51.la,Female,-71.6574917893034,-35.3540003017645,20886997-3,1,3,10,10,5
322,Mandie,Fortnam,mfortnam8x@toplist.cz,Female,-72.4317299105584,-35.43414900344,20883916-0,2,5,7,8,2
323,Marina,Ganter,mganter8y@whitehouse.gov,Female,-72.1519969196143,-35.3906405821033,20878318-1,2,8,10,9,7
324,Sherill,Danielot,sdanielot8z@webeden.co.uk,Female,-72.0794911070943,-35.2949032538743,20835697-6,2,6,1,4,1
325,Geri,Parmiter,gparmiter90@jigsy.com,Male,-72.2021875333355,-35.1202058077494,20771364-3,10,2,3,7,4
326,Brian,Donisi,bdonisi91@cdc.gov,Male,-72.0345579240471,-35.0916278520009,20767668-3,7,2,7,6,2
327,Bat,Vanichkov,bvanichkov92@ifeng.com,Male,-71.8202910127748,-35.1463101248888,20722154-6,2,7,1,7,10
328,Inglebert,Bromige,ibromige93@nps.gov,Male,-72.179559862417,-35.6971592476728,20634500-4,4,2,6,8,10
329,Teressa,Brown,tbrown94@ning.com,Female,-72.3214036895587,-35.580037855876,20627551-0,4,10,5,8,10
330,Timmie,Kleinsmuntz,tkleinsmuntz95@twitter.com,Male,-72.3466471457062,-35.592828929959,20625377-0,2,10,1,2,9
331,Elizabet,Wimpeney,ewimpeney96@geocities.jp,Female,-71.8209589978112,-35.4914242224951,20611646-3,10,6,5,2,6
332,Gillan,MacFall,gmacfall97@rakuten.co.jp,Female,-71.6749016554291,-35.4975704370898,20581740-9,1,8,6,3,4
333,Kati,Antonich,kantonich98@senate.gov,Female,-71.5778202895602,-35.5759018882239,20569729-2,7,7,9,10,1
334,Bradly,Blaszczynski,bblaszczynski99@nasa.gov,Male,-71.3235334770581,-35.3853880235332,20551010-9,5,5,5,5,9
335,Antone,Lesser,alesser9a@google.pl,Male,-71.4931319947947,-35.4014175391621,20526819-7,2,9,1,9,4
336,Melly,Witherop,mwitherop9b@lulu.com,Female,-71.4250049897044,-35.4101852766397,20455164-2,8,2,7,10,5
337,Padgett,Christoffersen,pchristoffersen9c@altervista.org,Male,-71.9172199617863,-35.3415879901954,20410365-8,8,6,2,3,7
338,Ethyl,Brabant,ebrabant9d@cornell.edu,Female,-71.7888844876109,-35.2692000433044,20409248-6,6,9,5,2,1
339,Evered,Lemanu,elemanu9e@liveinternet.ru,Male,-71.5864258733096,-35.2434217264667,20406354-0,9,8,2,8,7
340,Yolande,Godbolt,ygodbolt9f@about.me,Female,-71.253879652302,-35.2111196378726,20334488-0,6,6,1,1,9
341,Gracie,Rigge,grigge9g@mtv.com,Female,-71.3779430240609,-35.3007944681349,20295856-7,5,7,4,6,1
342,Seward,Yitzhak,syitzhak9h@ibm.com,Male,-71.2191489240225,-35.2255156110978,20284318-2,5,10,2,5,5
343,Kaitlin,Danis,kdanis9i@nymag.com,Female,-70.8365577343022,-35.9378127202549,20279146-8,7,10,7,2,7
344,Charmaine,Engledow,cengledow9j@over-blog.com,Female,-70.8151998568768,-35.9208535820161,20267273-6,8,3,1,4,9
345,Nathanael,Wentworth,nwentworth9k@privacy.gov.au,Male,-71.2469281553414,-35.3830774791289,20263915-1,6,9,7,9,3
346,Hughie,Iggalden,higgalden9l@usda.gov,Male,-71.3991981398232,-35.2915562438267,20263620-9,9,10,7,8,4
347,Sara,Webben,swebben9m@census.gov,Female,-71.5508162117103,-35.2341760054717,20222918-2,5,5,2,3,9
348,Dewain,Aps,daps9n@google.cn,Male,-71.5026414890178,-35.2568484704743,20083817-3,8,2,1,10,1
349,Reeta,Faughnan,rfaughnan9o@simplemachines.org,Female,-72.1199335765253,-35.9074043550887,20075041-1,5,10,1,1,7
350,Shalna,Zecchini,szecchini9p@cbslocal.com,Female,-72.1309877071809,-35.9647847260427,20068646-2,6,8,6,6,9
351,Stefano,Ronald,sronald9q@ca.gov,Male,-72.4438533616482,-36.0650442719173,20024749-3,1,8,3,2,2
352,Ikey,Harryman,iharryman9r@slate.com,Male,-72.628536307936,-35.61161244868,20020259-7,6,7,2,9,1
353,Shae,Tale,stale9s@mediafire.com,Male,-72.4589921895503,-35.7175070138613,20013498-2,2,7,10,2,2
354,Cathie,Sargeaunt,csargeaunt9t@oakley.com,Female,-72.526402088266,-35.6875212717302,19981069-3,3,1,5,8,7
355,Towny,Cuxson,tcuxson9u@google.ru,Male,-72.488142620797,-35.9000915853414,19969694-7,4,5,1,7,1
356,Valenka,Krollmann,vkrollmann9v@ftc.gov,Female,-72.670738292176,-36.0051049707566,19865078-1,10,3,10,3,2
357,Bambie,Dowthwaite,bdowthwaite9w@businessinsider.com,Female,-72.6620740194834,-36.0185802092845,19863464-6,2,4,7,2,9
358,Mela,Shimwell,mshimwell9x@scientificamerican.com,Female,-71.2095768124509,-34.9397968766999,19838241-8,6,7,10,4,8
359,Renelle,Deyenhardt,rdeyenhardt9y@ca.gov,Female,-71.0650357042088,-35.1443567048706,19828303-7,3,10,4,2,5
360,Stormie,Carlisle,scarlisle9z@indiatimes.com,Female,-70.9374336064854,-35.2652701634465,19804998-0,9,5,4,6,6
361,Issiah,Rosenschein,irosenscheina0@washington.edu,Male,-71.7757680706633,-34.9117102936098,19784871-5,3,7,3,5,5
362,Marje,Settle,msettlea1@technorati.com,Female,-71.5922610258563,-34.8850084734473,19738834-k,8,10,3,10,1
363,Daren,Joret,djoreta2@hhs.gov,Male,-71.512605324715,-34.9763418852141,19732344-2,5,2,2,1,2
364,Morena,Egginson,megginsona3@facebook.com,Female,-72.0366090114394,-35.0035671515552,19729192-3,3,8,6,9,3
365,Wilburt,Picopp,wpicoppa4@cbslocal.com,Male,-72.1509987717453,-35.0083432834434,19721334-5,5,10,9,8,3
366,Baird,Capeloff,bcapeloffa5@fastcompany.com,Male,-72.0423019629682,-34.9820868333883,19720703-5,9,9,4,8,5
367,Alley,Sandry,asandrya6@jigsy.com,Male,-70.9813598944471,-35.3223888305164,19673251-9,5,1,10,8,9
368,Artemus,Abramovic,aabramovica7@wordpress.org,Male,-71.2605668839804,-35.1026330388227,19670244-k,7,7,6,8,2
369,Hernando,Chetwind,hchetwinda8@arizona.edu,Male,-70.8702775922829,-35.4239866748597,19634580-9,6,10,3,8,2
370,Pete,Foucher,pfouchera9@dell.com,Male,-71.3365200417076,-34.8917186135857,19632627-8,9,10,10,1,7
371,Ashbey,MacAdam,amacadamaa@dell.com,Male,-71.4738131118291,-34.9184917435857,19578197-4,2,9,1,6,1
372,Fred,Tetla,ftetlaab@weather.com,Female,-71.4331388910535,-34.9025615021342,19564048-3,4,7,6,4,10
373,Brenna,Petticrew,bpetticrewac@drupal.org,Female,-70.4399353516903,-35.1033689304194,19516116-k,6,9,9,10,5
374,Paolo,Statersfield,pstatersfieldad@bravesites.com,Male,-71.0681319244541,-35.009039320276,19474593-1,1,7,3,7,8
375,Evangelina,Helwig,ehelwigae@furl.net,Female,-70.4958135666944,-34.9848764499573,19454015-9,4,6,3,6,7
376,Catarina,McKinstry,cmckinstryaf@cbc.ca,Female,-71.3707678548887,-35.0060376175686,19433604-7,7,8,2,7,1
377,Neall,Caswell,ncaswellag@technorati.com,Male,-71.3339362248024,-35.0595313859311,19410353-0,8,5,1,2,2
378,Lotti,McCormack,lmccormackah@toplist.cz,Female,-71.5469656171197,-35.1317566654399,19285636-1,8,8,9,8,1
379,Issie,Tanzer,itanzerai@noaa.gov,Female,-71.2065497305804,-34.8839351069135,19285200-5,1,5,2,4,10
380,Willa,Tender,wtenderaj@cmu.edu,Female,-71.0490986774,-34.9120230386145,19272854-1,3,8,6,8,4
381,Lurette,Kiggel,lkiggelak@woothemes.com,Female,-71.2906331718721,-34.8534308152352,19253463-1,1,7,2,5,2
382,Cathi,Lewton,clewtonal@zdnet.com,Female,-72.0517893940236,-34.880660266201,19239459-7,8,9,10,2,7
383,Genvieve,Whiskin,gwhiskinam@amazon.co.uk,Female,-72.1216026429381,-34.8419092187136,19238786-8,4,1,2,4,9
384,Esma,O'Lagen,eolagenan@wp.com,Female,-71.955557289315,-34.8793637966295,19233886-7,7,6,1,9,3
385,Adam,Georgiev,ageorgievao@opensource.org,Male,-71.1438526266688,-35.8857933749711,19222204-4,2,1,1,8,2
386,Cyrus,Kierans,ckieransap@techcrunch.com,Male,-71.5503989871559,-35.8020776240599,19184121-2,5,9,1,10,4
387,Boot,Ludy,bludyaq@123-reg.co.uk,Male,-71.3216146623262,-36.0514619469029,19125686-7,1,6,8,5,6
388,Lorelle,Albrighton,lalbrightonar@salon.com,Female,-70.9778910657719,-36.4233451617057,19064085-k,2,2,1,4,4
389,Cori,Bruhnicke,cbruhnickeas@addthis.com,Female,-71.349271748737,-35.8275611631254,19048359-2,4,6,7,2,10
390,Lorinda,Espinel,lespinelat@unicef.org,Female,-71.1176205821662,-35.8576385250395,18992660-k,4,6,7,9,9
391,Tandy,Jerzak,tjerzakau@disqus.com,Female,-71.8202666318301,-35.8082578378205,18963966-k,7,4,3,6,10
392,Adelheid,Senechell,asenechellav@techcrunch.com,Female,-71.7477667097116,-35.8904528922446,18831499-6,7,10,6,4,3
393,Cally,Doerffer,cdoerfferaw@mlb.com,Female,-71.6377056161151,-36.0787180558013,18823691-k,5,3,9,4,4
394,Chrisse,Meale,cmealeax@prnewswire.com,Male,-71.7148917904711,-36.2705694125563,18806732-8,9,5,6,9,3
395,Bobbye,Wanderschek,bwanderschekay@house.gov,Female,-71.5635698389042,-36.3677367812714,18803203-6,6,4,4,9,6
396,Kendall,Samper,ksamperaz@uiuc.edu,Male,-71.3542702868554,-36.2720452422774,18783702-2,4,9,5,7,5
397,Wash,Roxburgh,wroxburghb0@disqus.com,Male,-71.9905423166745,-35.9505230921694,18778403-4,6,7,4,3,3
398,Den,Erratt,derrattb1@weebly.com,Male,-71.6988172862067,-36.1423367424188,18741296-k,5,10,4,5,7
399,Lemmie,Giraudel,lgiraudelb2@timesonline.co.uk,Male,-71.7389353428869,-36.1259070186973,18693306-0,6,5,4,8,10
400,Barde,Oldroyde,boldroydeb3@sbwire.com,Male,-71.6481901663535,-35.611393649695,18637955-1,6,6,1,7,5
401,Christan,Francecione,cfrancecioneb4@exblog.jp,Female,-72.0186461500509,-35.7362151057922,18584874-4,3,8,2,9,4
402,Care,Yggo,cyggob5@yahoo.co.jp,Male,-71.9384872918322,-35.7302481903903,18576795-7,2,3,3,9,1
403,Gerard,Roblou,grobloub6@lycos.com,Male,-71.6783656180028,-35.6381589291408,18489506-4,6,4,3,6,5
404,Upton,Huckstepp,uhucksteppb7@purevolume.com,Male,-71.7251759470916,-35.6818231096171,18486861-k,7,3,8,7,6
405,Siana,Riglesford,sriglesfordb8@wp.com,Female,-71.6703750762292,-35.7687790480783,18482457-4,10,4,3,5,7
406,Conny,Hearse,chearseb9@rediff.com,Male,-71.5531340704458,-35.6345852530569,18378463-3,9,10,1,10,5
407,Westley,Pond-Jones,wpondjonesba@rediff.com,Male,-71.5329111057313,-35.6526548190665,18363445-3,5,2,4,9,1
408,Martynne,Boynton,mboyntonbb@tamu.edu,Female,-71.5164047577783,-35.6608004753991,18256555-5,9,3,3,2,5
409,Scott,Culbard,sculbardbc@ca.gov,Male,-72.9848288698342,-37.033278031138,18251700-3,10,6,5,10,4
410,Priscella,Harberer,pharbererbd@symantec.com,Female,-73.0935884031865,-36.9965138854398,18248513-6,7,6,8,9,7
411,Max,McKenzie,mmckenziebe@dion.ne.jp,Male,-73.0718904137336,-37.0113707864616,18226058-4,9,3,2,7,1
412,Luis,Illsley,lillsleybf@jalbum.net,Male,-72.8018345699259,-36.883914389232,18217109-3,1,2,10,5,8
413,Del,Brien,dbrienbg@columbia.edu,Female,-72.6651768791098,-36.9220525642632,18188356-1,3,7,2,7,4
414,Matthaeus,Ales,malesbh@aol.com,Male,-72.7957867010276,-36.842762050684,18159991-k,8,3,1,3,5
415,Phyllida,Markham,pmarkhambi@dailymotion.com,Female,-73.1693540239522,-37.1317030658254,18147348-7,10,1,1,6,7
416,Reinaldo,Calcraft,rcalcraftbj@fastcompany.com,Male,-73.150702629341,-37.1377266245606,18128573-7,1,5,5,5,2
417,Bernita,Biscomb,bbiscombbk@constantcontact.com,Female,-73.0751229841741,-37.1547549898921,18127835-8,9,7,3,8,4
418,Wadsworth,McLaughlin,wmclaughlinbl@sakura.ne.jp,Male,-73.0231805791335,-37.1005992331477,18006471-0,9,10,2,10,5
419,Wendie,Wedderburn,wwedderburnbm@fda.gov,Female,-73.0533463877523,-37.3964545282703,18003725-k,9,2,1,8,3
420,Micky,Husband,mhusbandbn@walmart.com,Male,-72.9799161650189,-37.1522576518407,17991888-9,7,6,10,2,4
421,Woodrow,Chilles,wchillesbo@businessinsider.com,Male,-73.1049012355858,-36.7666763286858,17987881-k,3,9,6,8,8
422,Antonietta,Freeborn,afreebornbp@cnn.com,Female,-73.1279279579958,-36.7240863842839,17986222-0,4,8,9,1,10
423,Erica,Gilbane,egilbanebq@mtv.com,Female,-73.1002504153726,-36.7444556508912,17950968-7,9,8,10,3,5
424,Ariella,Rowet,arowetbr@census.gov,Female,-73.4377311463816,-37.4811323353526,17917098-1,3,7,8,10,9
425,Aldus,Barten,abartenbs@cbc.ca,Male,-73.4409895175924,-37.4671173621269,17910468-7,9,2,10,2,7
426,Connie,O'Donohue,codonohuebt@bbb.org,Female,-73.6528057010134,-37.6051117433256,17898694-5,5,9,8,5,2
427,Curr,McCabe,cmccabebu@instagram.com,Male,-73.2653364950324,-37.2258892204582,17858670-k,7,3,9,3,10
428,Gregg,Khomin,gkhominbv@indiegogo.com,Male,-73.5339718131641,-37.4364142172009,17825525-8,10,7,9,4,1
429,Andee,Shooter,ashooterbw@uol.com.br,Female,-73.6557262418248,-37.2833475410611,17716890-4,6,3,7,3,5
430,Quinlan,Heber,qheberbx@purevolume.com,Male,-73.5383357002015,-37.8644450485328,17698325-6,4,3,6,9,5
431,Irena,Minci,iminciby@dailymotion.com,Female,-73.3479610331539,-37.8684919104877,17690712-6,2,5,3,4,5
432,Katrinka,Robbert,krobbertbz@uiuc.edu,Female,-73.355152397795,-37.7413800752734,17689240-4,5,6,10,1,9
433,Howey,Croll,hcrollc0@slate.com,Male,-73.2351683777693,-37.9539548592873,17656185-8,7,6,9,4,9
434,Shellie,Bredgeland,sbredgelandc1@naver.com,Female,-73.0839712331506,-38.0988250325225,17643760-k,3,10,4,4,2
435,Jean,Spellar,jspellarc2@senate.gov,Male,-73.2663852820356,-38.2012468256058,17639529-k,10,3,9,5,9
436,Violante,Mulvagh,vmulvaghc3@senate.gov,Female,-73.1277674022691,-37.3811837994845,17608737-4,4,5,2,4,2
437,Lilllie,Eastmond,leastmondc4@godaddy.com,Female,-73.4392403446539,-37.371845241076,17565823-8,3,3,7,3,3
438,Sharity,Golston,sgolstonc5@blinklist.com,Female,-73.4354857879889,-37.3829323254571,17534257-5,3,5,7,2,5
439,Elisabetta,Crewther,ecrewtherc6@woothemes.com,Female,-73.1867610097018,-37.7211844692979,17478595-3,10,5,4,4,1
440,Errol,Ilyin,eilyinc7@merriam-webster.com,Male,-73.1844188139785,-37.6291857931975,17424630-0,3,4,2,1,3
441,Dorothy,Bader,dbaderc8@omniture.com,Female,-73.4437347932658,-37.6953123282292,17393633-8,10,3,6,9,1
442,Jordon,Erridge,jerridgec9@irs.gov,Male,-73.3864494706988,-38.2198155176445,17391875-5,4,1,10,9,5
443,Eden,Gannicleff,egannicleffca@epa.gov,Female,-73.3142487024819,-38.2971628583198,17349915-9,6,4,8,1,6
444,Winifield,Orteau,worteaucb@netvibes.com,Male,-73.4356789365515,-38.2457871132669,17336647-7,2,2,1,9,8
445,Leora,Moffett,lmoffettcc@cnn.com,Female,-72.1144980638842,-37.3591750172937,17323868-1,5,8,9,3,7
446,Trista,Strettell,tstrettellcd@slate.com,Female,-72.4368396522397,-37.2281679961092,17292465-4,8,5,8,10,9
447,Web,Iacovolo,wiacovoloce@squarespace.com,Male,-72.4225550472196,-37.5016553798325,17286119-9,4,2,10,4,7
448,Libby,Rawe,lrawecf@fc2.com,Female,-71.1395470414051,-37.5131833291212,17219680-2,5,9,7,7,8
449,Torin,Breakwell,tbreakwellcg@geocities.jp,Male,-71.5253138221612,-37.3418867064261,17190314-9,10,8,9,2,9
450,Skippie,Phippen,sphippench@theglobeandmail.com,Male,-71.3517894430839,-37.3111915224359,17150786-3,3,2,7,7,2
451,Dorie,Kellie,dkellieci@icq.com,Female,-72.5096624205279,-37.0635443274989,17129844-k,6,6,1,10,3
452,Carlotta,Godwin,cgodwincj@mysql.com,Female,-72.3486761569023,-37.0484042489307,17114576-7,6,1,5,3,3
453,Bram,Evins,bevinsck@canalblog.com,Male,-72.4360062730782,-37.0858163307756,17085855-7,2,10,5,9,2
454,Hieronymus,Wheeldon,hwheeldoncl@example.com,Male,-72.5682334890692,-37.321687821828,17083229-9,8,1,9,10,8
455,Sofie,Polson,spolsoncm@skype.com,Female,-72.6549238819551,-37.2915011688978,17024365-k,5,3,3,6,10
456,Mathilda,Slocom,mslocomcn@elegantthemes.com,Female,-72.697193730762,-37.2739060785974,17020100-0,9,9,1,1,8
457,Coralie,Vickerstaff,cvickerstaffco@vistaprint.com,Female,-71.9321243378844,-37.8478538050839,17013289-0,2,4,7,4,2
458,Cassandry,Schmidt,cschmidtcp@virginia.edu,Female,-71.6736882368902,-37.9976143418371,17012307-7,2,2,7,5,4
459,Cordi,Holworth,cholworthcq@symantec.com,Female,-72.3072986738737,-37.6330124982974,17010927-9,9,2,5,10,6
460,Fair,Willeman,fwillemancr@photobucket.com,Male,-72.9259760862444,-37.506371257686,16916457-6,7,1,8,9,3
461,Daloris,Janaszewski,djanaszewskics@google.it,Female,-72.8589863141933,-37.5074574087855,16804367-8,2,3,5,1,2
462,Jacquette,Clewes,jclewesct@t.co,Female,-72.6294260521727,-37.5176511365094,16804234-5,10,9,6,8,3
463,Tiffanie,Hannent,thannentcu@nasa.gov,Female,-72.6256875998204,-37.5439526893235,16796998-4,1,7,1,9,2
464,Lucky,Bernardeschi,lbernardeschicv@answers.com,Female,-72.5636600957851,-37.5791380591446,16793102-2,3,10,1,1,4
465,Warner,Livingstone,wlivingstonecw@youku.com,Male,-72.6179176046472,-37.64850247961,16786616-6,8,1,3,2,5
466,Pooh,Mettricke,pmettrickecx@w3.org,Female,-71.5452561111097,-38.0587927905141,16767340-6,6,9,8,3,10
467,Lesya,Milbourne,lmilbournecy@issuu.com,Female,-71.5183111466078,-38.1002306037414,16754514-9,3,3,1,6,8
468,Locke,Pickavance,lpickavancecz@google.com.au,Male,-72.0943101357581,-37.7010017257605,16743152-6,4,8,6,10,10
469,Ora,Cato,ocatod0@craigslist.org,Female,-71.995514695766,-37.4999522772384,16729763-3,8,10,8,7,4
470,Larisa,MacAulay,lmacaulayd1@nytimes.com,Female,-72.0805546377799,-37.2529255360307,16716917-1,2,6,3,3,3
471,Shirley,Garnall,sgarnalld2@cafepress.com,Female,-71.6086769512553,-37.4615029461807,16664365-1,1,1,2,5,10
472,Laraine,Brugmann,lbrugmannd3@constantcontact.com,Female,-72.7171078960633,-37.1873103057396,16649252-1,7,4,7,1,3
473,Nicolea,Fernie,nfernied4@yolasite.com,Female,-72.7060979797985,-37.2003929684508,16594736-3,4,2,1,3,3
474,Francis,Frossell,ffrosselld5@qq.com,Male,-72.6784072077184,-37.1828481606648,16574621-k,6,2,7,5,9
475,Anastassia,Bougen,abougend6@auda.org.au,Female,-71.9123165831318,-37.6109574942615,16568320-k,4,1,2,6,8
476,Patty,Muddimer,pmuddimerd7@twitter.com,Male,-71.4579029133694,-37.5654897680719,16516561-6,1,5,1,1,10
477,Chanda,Gogarty,cgogartyd8@dailymotion.com,Female,-71.8029272340092,-37.6109592737224,16500008-0,9,7,9,10,2
478,Isabelle,Noon,inoond9@printfriendly.com,Female,-71.7602702727963,-37.1550674266792,16478739-7,10,8,8,1,6
479,Elberta,Haughan,ehaughanda@google.com.br,Female,-71.5418466695865,-37.1636865498371,16446085-1,1,2,1,5,1
480,Cassie,Chester,cchesterdb@si.edu,Female,-71.750938639638,-37.2002100720062,16280783-8,6,7,10,3,10
481,Siobhan,Sleeford,ssleeforddc@skype.com,Female,-72.5450086534242,-36.9645321831376,16252682-0,1,4,4,5,2
482,Maybelle,Paliser,mpaliserdd@ezinearticles.com,Female,-72.5245871656911,-37.1109774507821,16231193-k,3,5,1,8,1
483,Vonny,Abelovitz,vabelovitzde@g.co,Female,-72.69778855021,-37.0939917370916,16219903-k,3,2,3,5,6
484,Haydon,Winkworth,hwinkworthdf@woothemes.com,Male,-71.2263476457163,-37.7796997868773,16214358-1,1,10,10,3,7
485,Dinny,Scotchmor,dscotchmordg@jalbum.net,Female,-71.4736331040632,-37.881760157995,16198196-6,1,2,5,4,10
486,Evan,Cohani,ecohanidh@slideshare.net,Male,-71.5034644922531,-37.8436383453941,16128425-4,8,3,5,7,7
487,Efren,Petrosian,epetrosiandi@aol.com,Male,-72.6079652698085,-38.668748554754,16083659-8,10,4,10,5,5
488,Trey,Paolone,tpaolonedj@skype.com,Male,-72.5764906339534,-38.6912788569685,16073680-1,3,10,3,5,10
489,Stillmann,Surr,ssurrdk@networkadvertising.org,Male,-72.5960782104337,-38.5830347151137,16025121-2,10,5,3,6,6
490,Caryn,Daymond,cdaymonddl@wufoo.com,Female,-73.3755865476759,-38.6001854791783,15987609-8,4,8,9,9,10
491,Lambert,Maleby,lmalebydm@dropbox.com,Male,-73.3352033747125,-38.667106152422,15961505-7,10,1,8,5,1
492,Niki,Conybear,nconybeardn@webs.com,Female,-73.1355005670216,-38.6120490394987,15935568-3,2,7,5,8,4
493,Darrick,Sannes,dsannesdo@hugedomains.com,Male,-72.2950666497387,-39.0539261703578,15912982-9,9,10,9,6,10
494,Nedi,Shevelin,nshevelindp@epa.gov,Female,-72.174060091768,-38.908036000166,15909459-6,10,8,9,1,1
495,Zelig,Gebbie,zgebbiedq@livejournal.com,Male,-72.025526839003,-39.1331507989868,15857724-0,9,6,3,1,4
496,Lianne,Vasilechko,lvasilechkodr@wikia.com,Female,-71.6129309607517,-39.4025873163636,15821472-5,3,9,1,9,7
497,Brier,Erswell,berswellds@dailymotion.com,Female,-71.5146435423227,-39.0825631606373,15804510-9,1,10,7,1,3
498,Raymond,Dring,rdringdt@theglobeandmail.com,Male,-71.4180478214182,-39.2320824809066,15795412-1,2,8,8,2,3
499,Chen,MacQuaker,cmacquakerdu@oaic.gov.au,Male,-72.4763271598768,-38.9540771049215,15783483-5,8,4,3,10,9
500,Elisabetta,Boland,ebolanddv@soup.io,Female,-72.6763605340805,-38.8707678590432,15781087-1,8,3,4,1,3
501,Nilson,Luto,nlutodw@technorati.com,Male,-72.3333950876441,-38.9633026866532,15754802-6,10,1,10,9,10
502,Carter,Pietesch,cpieteschdx@netvibes.com,Male,-72.7039745313081,-38.392053995702,15751132-7,6,1,9,4,7
503,Garth,O'Brien,gobriendy@squarespace.com,Male,-72.7666494247819,-38.4053443056686,15714059-0,2,3,2,5,2
504,Staffard,Coolican,scoolicandz@meetup.com,Male,-72.8250739145953,-38.5129525682711,15652451-4,2,3,3,4,8
505,Verena,Rounding,vroundinge0@nps.gov,Female,-72.7324136852118,-39.254560979252,15559327-k,2,1,3,1,3
506,Garrick,Satterley,gsatterleye1@amazon.co.uk,Male,-72.5069110411272,-39.1688615111699,15518640-2,8,7,4,1,7
507,Marlee,Isaak,misaake2@ucla.edu,Female,-72.59761464724,-39.2275720474047,15506611-3,10,7,6,3,4
508,Thorsten,Gianullo,tgianulloe3@mapquest.com,Male,-72.4868436338469,-38.6106430250019,15482718-8,2,7,6,6,10
509,Dennison,Turfs,dturfse4@nsw.gov.au,Male,-72.4774271657067,-38.5126820983357,15453338-9,8,9,8,10,1
510,Mira,Grimsley,mgrimsleye5@ox.ac.uk,Female,-72.2684702901891,-38.5575586892511,15390474-k,5,3,3,9,2
511,Hubey,Eager,heagere6@businesswire.com,Male,-72.4234174776478,-39.2755544978814,15374450-5,5,10,7,1,2
512,Cos,Twizell,ctwizelle7@blogger.com,Male,-72.3653355869533,-39.2460793583001,15337046-k,6,2,3,5,9
513,Dunn,Peal,dpeale8@odnoklassniki.ru,Male,-72.5662357452296,-39.2875974096835,15317622-1,2,10,6,4,1
514,Luci,Makepeace,lmakepeacee9@drupal.org,Female,-71.642851948622,-38.6270775613724,15289314-0,4,9,7,1,3
515,Aime,Hedley,ahedleyea@desdev.cn,Female,-71.5307005784508,-38.6698268444968,15245756-1,1,5,7,7,6
516,Raul,Shambroke,rshambrokeeb@dion.ne.jp,Male,-71.5998257387965,-38.6215798411431,15245217-9,6,2,5,9,2
517,Ave,Lisett,alisettec@about.com,Male,-73.0454246145641,-38.6781924563772,15206408-k,7,3,8,7,1
518,Dorothy,Conachy,dconachyed@example.com,Female,-72.9523777881856,-38.718831626789,15081662-9,1,5,5,9,1
519,Christabel,Lowden,clowdenee@webeden.co.uk,Female,-73.0875324060709,-38.829740584416,15026612-2,7,2,7,7,3
520,Charil,Campione,ccampioneef@google.nl,Female,-72.5607574170819,-38.811153362152,15000639-2,5,8,3,3,4
521,Brett,Keems,bkeemseg@youtube.com,Male,-72.6054453062668,-38.7741041711258,14973894-0,2,7,7,8,8
522,Kellina,Lawrance,klawranceeh@umn.edu,Female,-72.5977331542383,-38.7998484759543,14952487-8,7,6,3,6,2
523,Caralie,Humfrey,chumfreyei@seesaa.net,Female,-72.4416325797815,-38.4761595599881,14950276-9,4,1,9,6,3
524,Bambi,MacGillicuddy,bmacgillicuddyej@google.co.jp,Female,-72.44913682725,-38.4018993460006,14933148-4,1,1,6,8,8
525,Tamera,Lokier,tlokierek@prnewswire.com,Female,-72.3503428725946,-38.3861064741722,14917240-8,1,2,9,3,9
526,Kendal,Valti,kvaltiel@hubpages.com,Male,-72.8757271924763,-39.0367032538904,14916911-3,1,2,5,6,9
527,Stanfield,Sidry,ssidryem@lulu.com,Male,-72.7673502302348,-39.0664562707816,14910742-8,7,7,9,4,2
528,Rafaellle,Janton,rjantonen@google.pl,Male,-72.5006434139054,-39.1158342820088,14881759-6,8,10,6,8,4
529,Randolph,Pemberton,rpembertoneo@home.pl,Male,-71.9433512688668,-39.3091562512593,14880375-7,6,3,7,9,1
530,Annmaria,Fermin,aferminep@timesonline.co.uk,Female,-72.0482762030253,-39.254092121966,14839448-2,5,1,6,6,10
531,Justino,Aloshikin,jaloshikineq@i2i.jp,Male,-71.9732339329315,-39.3143112452567,14793975-2,4,8,9,7,6
532,Roth,Caple,rcapleer@dyndns.org,Male,-73.2762678460831,-38.912762804219,14742486-8,2,7,4,7,1
533,Eward,Hillan,ehillanes@theglobeandmail.com,Male,-73.2808842885538,-38.7031938338365,14737806-8,4,5,9,6,10
534,Samara,Biddell,sbiddellet@ask.com,Female,-73.2063094673882,-38.9384177967995,14701616-6,7,10,4,9,5
535,Rob,Jeckell,rjeckelleu@soundcloud.com,Male,-72.908952012953,-38.9719411160069,14701401-5,4,9,9,7,8
536,Isaac,Collough,icolloughev@imageshack.us,Male,-73.1446364652994,-38.9981152285498,14690686-9,9,1,7,4,4
537,Briny,Stot,bstotew@google.nl,Female,-72.9977293082741,-38.9695418794564,14682602-4,1,4,2,3,5
538,Guilbert,Aggas,gaggasex@statcounter.com,Male,-73.2010029611672,-39.2123157911419,14643242-5,8,6,2,10,3
539,Bethanne,Webben,bwebbeney@nature.com,Female,-73.1229956630482,-39.2384752770531,14629973-3,1,7,8,8,3
540,Nathanael,Torresi,ntorresiez@cornell.edu,Male,-73.1532121266069,-39.2972051590158,14611431-8,3,2,1,4,5
541,Benedikta,Drummer,bdrummerf0@prnewswire.com,Female,-71.9421126646188,-38.7022354911659,14588542-6,2,7,1,6,7
542,Cletis,Downe,cdownef1@privacy.gov.au,Male,-72.2341114151755,-38.5787430620079,14559535-5,1,1,2,9,1
543,Basilius,Gourley,bgourleyf2@360.cn,Male,-72.2952011270701,-38.6159181432841,14551781-8,5,8,3,1,9
544,Ediva,Leek,eleekf3@last.fm,Female,-72.2878660152896,-39.4901682229178,14549697-7,6,5,10,9,1
545,Benito,Gomersal,bgomersalf4@fda.gov,Male,-72.0651810401617,-39.2482665309202,14521769-5,10,1,9,8,4
546,Veronique,Mishow,vmishowf5@ovh.net,Female,-72.3141546311088,-39.4700460777861,14517476-7,5,6,10,9,4
547,Brett,Irnys,birnysf6@spotify.com,Male,-72.8088218796948,-38.6508130686739,14461120-9,9,6,2,6,6
548,Alexei,Dibner,adibnerf7@amazon.de,Male,-72.8998872708162,-38.5698608361422,14449219-6,6,7,8,6,10
549,Lena,Seviour,lseviourf8@intel.com,Female,-72.7661800042405,-38.5979273631366,14400443-4,10,6,8,3,5
550,Pyotr,Brummell,pbrummellf9@jigsy.com,Male,-72.5720813072765,-38.0198389630987,14399707-3,5,7,1,8,4
551,Anson,Waycot,awaycotfa@noaa.gov,Male,-72.7823359186751,-37.7472768602307,14369164-0,2,7,1,10,9
552,Francisca,Sandes,fsandesfb@guardian.co.uk,Female,-72.5596463619997,-37.9273702154493,14364721-8,4,8,1,10,2
553,Rania,Stoving,rstovingfc@fastcompany.com,Female,-71.9218458501927,-38.1269825306626,14326869-1,2,4,8,9,9
554,Percy,Grahlman,pgrahlmanfd@goo.ne.jp,Male,-72.3597081221571,-37.9109599379441,14320382-4,7,7,10,7,8
555,Matty,Loughton,mloughtonfe@senate.gov,Male,-72.189858240433,-38.0564924975665,14269590-1,2,3,9,10,4
556,Kitti,Dallemore,kdallemoreff@netvibes.com,Female,-71.492228698067,-38.4427303847309,14258985-0,9,3,6,4,3
557,Alain,McLarty,amclartyfg@icq.com,Male,-71.774215274604,-38.4659499232006,14256302-9,7,8,3,2,2
558,Weylin,Bouch,wbouchfh@gov.uk,Male,-71.9439040767847,-38.4438100448785,14222472-0,1,4,2,8,1
559,Fitz,Volk,fvolkfi@go.com,Male,-72.5700516262175,-38.0324525893541,14206418-9,4,2,8,8,6
560,Tomasine,Schowenburg,tschowenburgfj@tamu.edu,Female,-72.4251334958542,-37.9920075016452,14055214-3,6,4,2,7,8
561,Fredek,Penhale,fpenhalefk@uol.com.br,Male,-72.0808756482811,-38.1707775195045,14039738-5,3,4,1,3,4
562,Mickie,Cullnean,mcullneanfl@hhs.gov,Male,-71.2697071243745,-38.2577722633467,14032720-4,5,10,4,9,10
563,Aylmar,Roseburgh,aroseburghfm@exblog.jp,Male,-71.1574130062893,-38.4992119133514,14012554-7,8,3,9,2,2
564,Orelia,Beamand,obeamandfn@cornell.edu,Female,-70.9964914917913,-38.5418458326343,14010142-7,6,2,1,8,5
565,Allys,Lyman,alymanfo@intel.com,Female,-72.8522427326311,-37.9175243738447,14005906-4,4,7,6,3,4
566,Ingram,Jostan,ijostanfp@techcrunch.com,Male,-72.9138791155655,-38.0231777567085,13785330-2,10,9,1,9,2
567,Celina,Sowerby,csowerbyfq@salon.com,Female,-72.9466333689092,-37.9449574905679,13740568-7,2,1,1,10,8
568,Albrecht,Petyakov,apetyakovfr@narod.ru,Male,-73.2328463806674,-38.2884996935441,13722411-9,9,8,6,3,10
569,Skip,Wixey,swixeyfs@dailymail.co.uk,Male,-73.0711053326467,-38.4078521591655,13698759-3,7,6,2,6,8
570,Tabby,Guillon,tguillonft@plala.or.jp,Female,-73.0180323216564,-38.4024116141624,13697008-9,7,6,1,4,2
571,Jess,Eingerfield,jeingerfieldfu@msn.com,Male,-73.0646357688993,-38.0770186041941,13521033-1,5,1,10,3,5
572,Davidson,Irlam,dirlamfv@google.de,Male,-72.9153265803491,-38.0447449628253,13488868-7,3,9,8,7,5
573,Bondie,Longdon,blongdonfw@studiopress.com,Male,-72.9731331220749,-38.0051532107991,13480592-7,9,3,5,10,9
574,Jaclyn,Bess,jbessfx@google.pl,Female,-72.6998044077551,-37.6961567892918,13479432-1,10,5,6,1,8
575,Booth,Menzies,bmenziesfy@stumbleupon.com,Male,-72.5069687626568,-37.6570553719623,13477840-7,4,7,5,9,6
576,Gottfried,Toft,gtoftfz@ox.ac.uk,Male,-72.5083012898389,-37.6645411939493,13432795-2,8,8,5,2,7
577,Aloin,Risbridge,arisbridgeg0@google.es,Male,-72.6613719226322,-38.3449219480025,13429943-6,7,4,7,5,9
578,Guillemette,Emps,gempsg1@fotki.com,Female,-72.5406272337041,-38.1610999389311,13363741-9,9,2,4,10,4
579,Gavan,Halliday,ghallidayg2@gnu.org,Male,-72.8037237478902,-38.2301539050236,13287457-3,6,1,8,9,6
580,Karil,Castellanos,kcastellanosg3@china.com.cn,Female,-72.013683025737,-38.352165557864,13240130-6,10,3,4,1,7
581,Colby,Mantione,cmantioneg4@adobe.com,Male,-72.4167779027007,-38.3352476077288,13226610-7,7,6,4,4,6
582,Ofella,Klug,oklugg5@timesonline.co.uk,Female,-72.3083688990931,-38.1502949280926,13213135-k,1,10,3,5,10
583,Chloris,Chopin,cchoping6@merriam-webster.com,Female,-73.1704946231363,-41.4751331956629,13174153-7,5,8,8,5,1
584,Nicko,Kingsland,nkingslandg7@hatena.ne.jp,Male,-72.6426337796088,-41.4999416676002,13144518-0,2,3,4,7,4
585,Vernor,Storms,vstormsg8@taobao.com,Male,-72.7180353515099,-41.4192562585285,13124474-6,2,8,6,4,2
586,Clerc,Pachmann,cpachmanng9@gov.uk,Male,-73.1326651101138,-41.5954368733137,13062647-5,4,9,2,7,4
587,Brook,Cheyne,bcheynega@goo.ne.jp,Male,-73.1122604341687,-41.6904369907227,13008835-k,2,9,10,5,8
588,Marga,Beven,mbevengb@ucoz.ru,Female,-73.4691288856209,-41.7646172997633,12988490-8,9,7,4,9,1
589,Colman,Maton,cmatongc@slashdot.org,Male,-71.8853736030973,-41.5222629959212,12972950-3,2,6,9,3,8
590,Kim,Gelland,kgellandgd@desdev.cn,Male,-72.1571282181794,-41.5057252771164,12963488-k,4,4,8,1,8
591,Clio,De Blasio,cdeblasioge@mlb.com,Female,-72.0641023072622,-41.5181015597404,12954035-4,10,3,2,3,5
592,Amandie,Bibbie,abibbiegf@joomla.org,Female,-73.404724389292,-41.1708524035012,12916465-4,8,2,9,5,7
593,Demetri,Lile,dlilegg@phpbb.com,Male,-73.5771165255137,-41.0583522506707,12900464-9,10,5,6,5,2
594,Onfroi,Bjorkan,objorkangh@reference.com,Male,-73.5436250797703,-41.3049688924192,12883310-2,1,2,7,7,8
595,Erie,Backler,ebacklergi@theglobeandmail.com,Male,-72.8860260819067,-41.1390770831073,12827685-8,2,8,2,10,3
596,La verne,Sinney,lsinneygj@webmd.com,Female,-72.9501733490001,-41.0560919071992,12809463-6,10,8,3,10,7
597,Binny,Heeran,bheerangk@stumbleupon.com,Female,-73.13473070842,-41.1433709702415,12806268-8,1,7,1,2,4
598,Dorrie,Baccup,dbaccupgl@xinhuanet.com,Female,-73.3921898822758,-41.3327650018704,12806016-2,8,9,9,1,7
599,Oralie,Weinham,oweinhamgm@sakura.ne.jp,Female,-73.5860855866939,-41.420069722804,12800978-7,7,1,8,10,7
600,Olwen,Gossington,ogossingtongn@goodreads.com,Female,-73.7115241646013,-41.3939676631222,12795978-1,5,9,8,2,9
601,Correy,Brereton,cbreretongo@addtoany.com,Male,-73.2584606137999,-41.3085126785274,12795644-8,8,2,5,2,2
602,Betteann,MacTerrelly,bmacterrellygp@twitter.com,Female,-73.2900077195282,-41.1587379454421,12783920-4,6,6,6,1,7
603,Justis,Bastistini,jbastistinigq@lycos.com,Male,-73.0707620218482,-41.2419744257396,12776422-0,4,3,8,6,8
604,Gardiner,Brockie,gbrockiegr@statcounter.com,Male,-73.5823984243079,-41.7503203603434,12648477-1,8,9,1,9,10
605,Jeno,Studart,jstudartgs@newyorker.com,Male,-73.4292019110546,-41.6245238533404,12640640-1,8,8,2,2,5
606,Charmane,Kraft,ckraftgt@unesco.org,Female,-73.5764195400353,-41.7528833320152,12613287-5,8,9,10,8,2
607,Inga,Sickert,isickertgu@lulu.com,Female,-72.0804616330909,-41.3004113076975,12613085-6,4,8,5,1,4
608,Orrin,Shoulder,oshouldergv@comsenz.com,Male,-72.3785837891063,-41.4199264595898,12604421-6,10,4,2,3,8
609,Burlie,Hebbron,bhebbrongw@123-reg.co.uk,Male,-72.6481449520784,-41.1451418819701,12547042-4,8,5,8,7,3
610,Ag,Megany,ameganygx@yahoo.co.jp,Female,-73.8147437286182,-42.4931258265486,12525831-k,5,9,3,7,6
611,Zondra,Bonnyson,zbonnysongy@comsenz.com,Female,-73.9102936063485,-42.4620454281651,12498216-2,9,3,4,2,8
612,Sheppard,Dallison,sdallisongz@hao123.com,Male,-73.7445806729656,-42.5364728265226,12466854-9,1,7,1,1,3
613,Tamera,Meacher,tmeacherh0@desdev.cn,Female,-73.9961474696088,-42.1038769104679,12436243-1,8,8,9,7,1
614,Maribelle,Brooker,mbrookerh1@hexun.com,Female,-74.046953967117,-42.1463288467846,12431461-5,6,2,7,8,6
615,Jarad,Antcliff,jantcliffh2@ebay.com,Male,-73.7855714158657,-41.9190023974654,12417501-1,5,2,3,3,10
616,Hannis,Discombe,hdiscombeh3@freewebs.com,Female,-73.8188592232755,-42.8214702882508,12398462-5,4,6,4,4,3
617,Ham,Glen,hglenh4@yahoo.co.jp,Male,-73.9632086504357,-42.7406227552156,12378654-8,2,10,7,6,8
618,Ellyn,Baumler,ebaumlerh5@mac.com,Female,-73.7885691337287,-42.8793657566883,12313793-0,6,5,8,7,6
619,Howard,Skae,hskaeh6@icio.us,Male,-73.5559838104119,-42.4056299861907,12295836-1,2,3,2,6,3
620,Lynette,Demageard,ldemageardh7@va.gov,Female,-73.5780291195841,-42.4576044313806,12291577-8,9,9,8,8,4
621,Trix,Wythe,twytheh8@desdev.cn,Female,-73.5806478031684,-42.4354370178966,12230412-4,1,2,1,8,9
622,Izak,Ackerley,iackerleyh9@flickr.com,Male,-73.8257745923299,-42.3215612272855,12186038-4,5,8,7,5,10
623,Bern,Maiden,bmaidenha@wsj.com,Male,-73.9953914431455,-42.3396124617159,12152691-3,2,2,4,8,10
624,Deck,Few,dfewhb@phpbb.com,Male,-74.1095088634121,-42.387868363477,12152582-8,8,7,7,7,5
625,Olag,Standish,ostandishhc@reference.com,Male,-73.6443171037649,-42.6137178372905,12142709-5,2,6,10,2,4
626,Johanna,Jahns,jjahnshd@facebook.com,Female,-73.658623878614,-42.6067550607103,12134490-4,4,4,4,9,1
627,Jackie,Van der Son,jvandersonhe@amazonaws.com,Female,-73.5853851121254,-42.5981417983679,12070496-6,5,1,1,5,1
628,Llewellyn,Barti,lbartihf@flickr.com,Male,-73.5082456328187,-42.9403705604741,12047694-7,6,8,6,1,1
629,Rahel,Cavnor,rcavnorhg@meetup.com,Female,-73.5414984312962,-42.7798810807894,12040588-8,2,6,10,9,9
630,Jakob,Eynald,jeynaldhh@mediafire.com,Male,-73.6441288842827,-42.7676805212676,12023685-7,3,8,3,6,5
631,Yardley,Brice,ybricehi@flavors.me,Male,-73.6103511678155,-43.2451869956419,11969750-6,1,1,10,5,3
632,Kendal,Sedwick,ksedwickhj@nasa.gov,Male,-73.7634665787247,-43.0100813687074,11954072-0,1,2,7,5,1
633,Horatius,Eiler,heilerhk@nyu.edu,Male,-74.6796457268116,-43.5677336266421,11954052-6,5,6,10,2,5
634,Bud,Forte,bfortehl@virginia.edu,Male,-73.5185693626582,-42.16294296321,11935492-7,5,4,10,3,2
635,Nowell,Boodle,nboodlehm@php.net,Male,-73.4818192710364,-42.093805364354,11934783-1,4,6,7,10,5
636,Gabe,McRamsey,gmcramseyhn@toplist.cz,Male,-73.1066149515007,-42.2852295562632,11914998-3,8,4,7,7,4
637,Stefanie,Josephi,sjosephiho@flickr.com,Female,-73.4418820050914,-42.388725309126,11903758-1,6,9,6,7,3
638,Susy,McKinnell,smckinnellhp@redcross.org,Female,-73.5097660848285,-42.4720549248424,11893114-9,1,6,10,3,8
639,Willey,Tomicki,wtomickihq@guardian.co.uk,Male,-73.3560146409317,-42.4569155255764,11878328-k,9,3,7,2,8
640,Barbabas,Cheston,bchestonhr@geocities.jp,Male,-72.9627036332687,-40.6687986120634,11853384-4,3,6,9,5,1
641,Alfred,Gough,agoughhs@europa.eu,Male,-73.3264429616026,-40.5482357862644,11850237-k,10,3,6,9,5
642,Roarke,Kordes,rkordesht@businessweek.com,Male,-73.3232812210265,-40.5218263665228,11834873-7,3,4,6,10,2
643,Rog,Blades,rbladeshu@canalblog.com,Male,-72.958916179601,-40.7646476131891,11774142-7,6,1,10,6,4
644,Godiva,Carlile,gcarlilehv@scribd.com,Female,-72.9228803357227,-40.8184682036641,11764929-6,9,7,10,2,5
645,Robert,Dearan,rdearanhw@360.cn,Male,-72.5084940357755,-41.0107764526527,11743544-k,10,2,4,8,2
646,Wyn,Sperling,wsperlinghx@paypal.com,Male,-73.208659335479,-40.9270946658787,11668302-4,3,2,1,10,1
647,Stepha,Ramiro,sramirohy@mediafire.com,Female,-73.0340584977183,-40.8774373681735,11575781-4,3,1,2,3,1
648,Ivan,Jope,ijopehz@aboutads.info,Male,-73.5252016682796,-40.8732148294864,11574674-k,9,1,10,2,4
649,Waverly,Cancott,wcancotti0@irs.gov,Male,-72.6467164054243,-40.75352891078,11540075-4,7,7,7,8,4
650,Natalina,Mixer,nmixeri1@rediff.com,Female,-72.5009718349614,-40.7974682832436,11519218-3,9,1,4,7,4
651,Vaughn,Peer,vpeeri2@elegantthemes.com,Male,-72.0063832299798,-40.722691079437,11506788-5,10,3,8,9,10
652,Hobey,MacLaig,hmaclaigi3@chron.com,Male,-73.0672513436837,-40.7477863498057,11483710-5,10,9,7,2,4
653,Davidson,Baldung,dbaldungi4@de.vu,Male,-73.4139284562822,-40.7731435445243,11465395-0,9,3,8,2,6
654,Rozalie,Gennerich,rgennerichi5@cafepress.com,Female,-73.4642002242866,-40.8157742206526,11451841-7,1,7,10,8,5
655,Kellby,Chatainier,kchatainieri6@deviantart.com,Male,-73.6322633834242,-40.2892744286803,11444126-0,7,6,1,3,8
656,Guillermo,Aubery,gauberyi7@odnoklassniki.ru,Male,-73.5402610350514,-40.6457751921488,11399299-9,6,6,8,3,3
657,Maggie,Iacovelli,miacovellii8@fema.gov,Female,-73.6000010699005,-40.325011891117,11384499-k,4,9,5,6,3
658,Stephannie,Martini,smartinii9@howstuffworks.com,Female,-73.1242448203574,-40.3639709111246,11383443-9,9,9,3,6,9
659,Edwin,Loges,elogesia@boston.com,Male,-73.0613251386678,-40.4224769507003,11283220-3,1,9,5,7,4
660,Gian,Giacobelli,ggiacobelliib@ucsd.edu,Male,-73.1840446033891,-40.3817570432812,11269387-4,6,10,8,8,4
661,Kassey,Moncey,kmonceyic@illinois.edu,Female,-72.6158867059102,-42.8290565291157,11219443-6,6,2,1,6,3
662,Goober,Wharfe,gwharfeid@technorati.com,Male,-72.7350512378189,-43.1707048434191,11215084-6,6,4,10,2,10
663,Kamila,Passe,kpasseie@etsy.com,Female,-72.9140147652982,-43.6279114824158,11205962-8,7,3,5,3,5
664,Silvia,Robberecht,srobberechtif@smugmug.com,Female,-71.9237035321032,-43.2052387730365,11147747-7,2,6,2,7,9
665,Dacia,Fobidge,dfobidgeig@bing.com,Female,-71.9571501870936,-43.1693337490593,11067173-3,10,7,3,2,1
666,Rhona,Barbosa,rbarbosaih@ifeng.com,Female,-72.1095261108553,-43.0700743536615,11014551-9,8,9,3,10,3
667,Brook,Stilly,bstillyii@oakley.com,Female,-72.3073508080536,-42.3284863931944,11012819-3,1,9,7,9,4
668,Bonny,Benoey,bbenoeyij@ucsd.edu,Female,-72.3740019177016,-42.3152362552934,11006260-5,5,3,9,6,3
669,Quentin,Balling,qballingik@sun.com,Male,-72.7315706518863,-41.9188649206151,11003820-8,6,5,9,3,10
670,Lamont,Clover,lcloveril@people.com.cn,Male,-72.2113739996128,-43.4903792931049,10997960-0,2,10,3,7,5
671,Nikos,Oyley,noyleyim@fotki.com,Male,-72.0598390650479,-43.6008495787398,10972957-4,2,3,4,1,1
672,Gipsy,Tettley,gtettleyin@msu.edu,Female,-72.1729841097716,-43.3804892493786,10884690-9,5,2,7,9,10
673,Meridith,Grace,mgraceio@ft.com,Female,-71.927277741655,-45.1064027557052,10839990-2,3,3,4,8,8
674,Adey,Aitchison,aaitchisonip@bandcamp.com,Female,-72.1264891463052,-44.996404813372,10819386-7,8,2,3,5,9
675,Nancie,Dennistoun,ndennistouniq@simplemachines.org,Female,-71.9917217818752,-45.9669498860699,10776390-2,9,5,10,7,2
676,Vidovik,Sellan,vsellanir@sciencedirect.com,Male,-72.180764715215,-44.6937442743008,10763624-2,3,2,9,2,10
677,Arlyne,Derwin,aderwinis@indiegogo.com,Female,-71.578316587006,-44.5382016677004,10711674-5,9,1,9,3,4
678,Vitia,Doerling,vdoerlingit@1688.com,Female,-72.070846648051,-44.5906097260043,10704211-3,3,4,4,9,6
679,Lyman,Bergeon,lbergeoniu@umich.edu,Male,-74.4600040545033,-45.9829242331563,10697215-k,2,4,1,10,10
680,Fredek,Haggerwood,fhaggerwoodiv@cnn.com,Male,-74.3051965026468,-46.310944262568,10627369-3,8,6,1,3,4
681,Whittaker,Benge,wbengeiw@aol.com,Male,-73.3100184540611,-45.9251778658358,10623664-k,10,6,8,10,9
682,Thorn,Denty,tdentyix@npr.org,Male,-72.6065996765691,-44.0538960122374,10604888-6,2,6,2,6,3
683,Morgana,Dennant,mdennantiy@diigo.com,Female,-72.5720109968621,-45.0007639001883,10568712-5,7,2,8,4,3
684,Stephie,Yakutin,syakutiniz@foxnews.com,Female,-72.3911882494833,-43.8367202675373,10361627-1,4,3,7,7,8
685,Claudianus,Eddington,ceddingtonj0@msn.com,Male,-73.7011793800448,-43.9894254173412,10358056-0,8,3,4,6,1
686,Jamill,Kroger,jkrogerj1@yolasite.com,Male,-73.611280455759,-44.0845649045212,10348927-k,1,9,4,6,9
687,Carline,Varfalameev,cvarfalameevj2@mayoclinic.com,Female,-73.9298751211559,-43.8937193559082,10348320-4,2,8,4,2,5
688,Valeda,de Almeida,vdealmeidaj3@phoca.cz,Female,-72.2490049651455,-46.9525614573786,10301907-9,8,5,2,4,9
689,Laurene,Clemente,lclementej4@newyorker.com,Female,-73.2625951262334,-47.1467907450872,10301198-1,4,4,7,3,5
690,Lexine,McJerrow,lmcjerrowj5@ucsd.edu,Female,-72.8572961959415,-47.6007942606126,10252781-k,4,7,8,4,9
691,Teena,Mantram,tmantramj6@state.tx.us,Female,-73.0642343761639,-48.4116210791684,10241664-3,5,1,6,9,6
692,Doralyn,Biggans,dbiggansj7@loc.gov,Female,-73.1138980983113,-48.3080315345782,10185041-2,5,8,8,9,1
693,Garry,Dumper,gdumperj8@umich.edu,Male,-73.0045692914972,-48.3313351243587,10145160-7,9,2,1,6,9
694,Jamesy,Kuhnt,jkuhntj9@ycombinator.com,Male,-74.4607839701062,-48.3262435770198,10111717-0,8,1,4,1,5
695,Clair,Hardey,chardeyja@arstechnica.com,Male,-73.8478760914895,-47.7525114855229,10110223-8,7,7,1,8,5
696,Marleen,Leonardi,mleonardijb@virginia.edu,Female,-74.7694223347205,-48.032185268005,10103805-k,3,7,2,8,2
697,Athena,Vlahos,avlahosjc@biblegateway.com,Female,-73.3097038555692,-46.7603466209491,10103185-3,3,10,3,1,6
698,Gasper,Tustin,gtustinjd@blog.com,Male,-73.2008078483256,-46.9487453946466,10094349-2,9,4,1,7,8
699,Alberto,Canceller,acancellerje@storify.com,Male,-72.1183732516461,-46.6437029473649,10072803-6,2,5,7,3,6
700,Malchy,Beckinsale,mbeckinsalejf@china.com.cn,Male,-72.976541008709,-46.2030288799207,10040933-k,8,5,6,8,5